file,line,type,commit,author,date,time,timezone,datetime,depth,length
styles.css,1,css,59fab7ca,aathijmuthu,2025-04-10,23:08:48,-07:00,2025-04-10T23:08:48-07:00,0,5
styles.css,2,css,59fab7ca,aathijmuthu,2025-04-10,23:08:48,-07:00,2025-04-10T23:08:48-07:00,1,37
styles.css,3,css,59fab7ca,aathijmuthu,2025-04-10,23:08:48,-07:00,2025-04-10T23:08:48-07:00,0,0
styles.css,4,css,59fab7ca,aathijmuthu,2025-04-10,23:08:48,-07:00,2025-04-10T23:08:48-07:00,0,0
styles.css,5,css,4e1e42df,aathijmuthu,2025-04-18,17:44:01,-07:00,2025-04-18T17:44:01-07:00,0,3
styles.css,6,css,4e1e42df,aathijmuthu,2025-04-18,17:44:01,-07:00,2025-04-18T17:44:01-07:00,2,17
styles.css,7,css,4e1e42df,aathijmuthu,2025-04-18,17:44:01,-07:00,2025-04-18T17:44:01-07:00,0,0
styles.css,8,css,4e1e42df,aathijmuthu,2025-04-18,17:44:01,-07:00,2025-04-18T17:44:01-07:00,0,0
styles.css,9,css,328046f9,aathijmuthu,2025-04-03,18:54:06,-07:00,2025-04-03T18:54:06-07:00,0,4
styles.css,10,css,328046f9,aathijmuthu,2025-04-03,18:54:06,-07:00,2025-04-03T18:54:06-07:00,2,43
styles.css,11,css,f66e6c57,aathijmuthu,2025-04-11,19:23:45,-07:00,2025-04-11T19:23:45-07:00,4,42
styles.css,12,css,328046f9,aathijmuthu,2025-04-03,18:54:06,-07:00,2025-04-03T18:54:06-07:00,3,0
styles.css,13,css,328046f9,aathijmuthu,2025-04-03,18:54:06,-07:00,2025-04-03T18:54:06-07:00,2,23
styles.css,14,css,de43961c,aathijmuthu,2025-04-10,22:12:14,-07:00,2025-04-10T22:12:14-07:00,2,15
styles.css,15,css,59fab7ca,aathijmuthu,2025-04-10,23:08:48,-07:00,2025-04-10T23:08:48-07:00,2,42
styles.css,16,css,59fab7ca,aathijmuthu,2025-04-10,23:08:48,-07:00,2025-04-10T23:08:48-07:00,0,0
styles.css,17,css,59fab7ca,aathijmuthu,2025-04-10,23:08:48,-07:00,2025-04-10T23:08:48-07:00,1,0
styles.css,18,css,59fab7ca,aathijmuthu,2025-04-10,23:08:48,-07:00,2025-04-10T23:08:48-07:00,1,3
styles.css,19,css,4e1e42df,aathijmuthu,2025-04-18,17:44:01,-07:00,2025-04-18T17:44:01-07:00,2,39
styles.css,20,css,59fab7ca,aathijmuthu,2025-04-10,23:08:48,-07:00,2025-04-10T23:08:48-07:00,2,12
styles.css,21,css,59fab7ca,aathijmuthu,2025-04-10,23:08:48,-07:00,2025-04-10T23:08:48-07:00,2,17
styles.css,22,css,59fab7ca,aathijmuthu,2025-04-10,23:08:48,-07:00,2025-04-10T23:08:48-07:00,2,41
styles.css,23,css,4e1e42df,aathijmuthu,2025-04-18,17:44:01,-07:00,2025-04-18T17:44:01-07:00,2,39
styles.css,24,css,4e1e42df,aathijmuthu,2025-04-18,17:44:01,-07:00,2025-04-18T17:44:01-07:00,0,0
styles.css,25,css,f66e6c57,aathijmuthu,2025-04-11,19:23:45,-07:00,2025-04-11T19:23:45-07:00,0,0
styles.css,26,css,f66e6c57,aathijmuthu,2025-04-11,19:23:45,-07:00,2025-04-11T19:23:45-07:00,0,0
styles.css,27,css,f66e6c57,aathijmuthu,2025-04-11,19:23:45,-07:00,2025-04-11T19:23:45-07:00,0,6
styles.css,28,css,59fab7ca,aathijmuthu,2025-04-10,23:08:48,-07:00,2025-04-10T23:08:48-07:00,2,16
styles.css,29,css,f66e6c57,aathijmuthu,2025-04-11,19:23:45,-07:00,2025-04-11T19:23:45-07:00,0,0
styles.css,30,css,f66e6c57,aathijmuthu,2025-04-11,19:23:45,-07:00,2025-04-11T19:23:45-07:00,0,0
styles.css,31,css,f66e6c57,aathijmuthu,2025-04-11,19:23:45,-07:00,2025-04-11T19:23:45-07:00,0,6
styles.css,32,css,f66e6c57,aathijmuthu,2025-04-11,19:23:45,-07:00,2025-04-11T19:23:45-07:00,2,16
styles.css,33,css,f66e6c57,aathijmuthu,2025-04-11,19:23:45,-07:00,2025-04-11T19:23:45-07:00,0,0
styles.css,34,css,f66e6c57,aathijmuthu,2025-04-11,19:23:45,-07:00,2025-04-11T19:23:45-07:00,0,0
styles.css,35,css,f66e6c57,aathijmuthu,2025-04-11,19:23:45,-07:00,2025-04-11T19:23:45-07:00,0,5
styles.css,36,css,59fab7ca,aathijmuthu,2025-04-10,23:08:48,-07:00,2025-04-10T23:08:48-07:00,2,6
styles.css,37,css,59fab7ca,aathijmuthu,2025-04-10,23:08:48,-07:00,2025-04-10T23:08:48-07:00,2,20
styles.css,38,css,59fab7ca,aathijmuthu,2025-04-10,23:08:48,-07:00,2025-04-10T23:08:48-07:00,2,13
styles.css,39,css,59fab7ca,aathijmuthu,2025-04-10,23:08:48,-07:00,2025-04-10T23:08:48-07:00,2,17
styles.css,40,css,59fab7ca,aathijmuthu,2025-04-10,23:08:48,-07:00,2025-04-10T23:08:48-07:00,2,13
styles.css,41,css,f66e6c57,aathijmuthu,2025-04-11,19:23:45,-07:00,2025-04-11T19:23:45-07:00,0,0
styles.css,42,css,f66e6c57,aathijmuthu,2025-04-11,19:23:45,-07:00,2025-04-11T19:23:45-07:00,0,0
styles.css,43,css,f66e6c57,aathijmuthu,2025-04-11,19:23:45,-07:00,2025-04-11T19:23:45-07:00,0,9
styles.css,44,css,59fab7ca,aathijmuthu,2025-04-10,23:08:48,-07:00,2025-04-10T23:08:48-07:00,2,43
styles.css,45,css,59fab7ca,aathijmuthu,2025-04-10,23:08:48,-07:00,2025-04-10T23:08:48-07:00,2,70
styles.css,46,css,59fab7ca,aathijmuthu,2025-04-10,23:08:48,-07:00,2025-04-10T23:08:48-07:00,2,16
styles.css,47,css,f66e6c57,aathijmuthu,2025-04-11,19:23:45,-07:00,2025-04-11T19:23:45-07:00,0,0
styles.css,48,css,f66e6c57,aathijmuthu,2025-04-11,19:23:45,-07:00,2025-04-11T19:23:45-07:00,0,0
styles.css,49,css,f66e6c57,aathijmuthu,2025-04-11,19:23:45,-07:00,2025-04-11T19:23:45-07:00,0,7
styles.css,50,css,59fab7ca,aathijmuthu,2025-04-10,23:08:48,-07:00,2025-04-10T23:08:48-07:00,2,46
styles.css,51,css,4e1e42df,aathijmuthu,2025-04-18,17:44:01,-07:00,2025-04-18T17:44:01-07:00,2,69
styles.css,52,css,59fab7ca,aathijmuthu,2025-04-10,23:08:48,-07:00,2025-04-10T23:08:48-07:00,2,20
styles.css,53,css,f66e6c57,aathijmuthu,2025-04-11,19:23:45,-07:00,2025-04-11T19:23:45-07:00,0,0
styles.css,54,css,59fab7ca,aathijmuthu,2025-04-10,23:08:48,-07:00,2025-04-10T23:08:48-07:00,0,0
styles.css,55,css,f66e6c57,aathijmuthu,2025-04-11,19:23:45,-07:00,2025-04-11T19:23:45-07:00,0,4
styles.css,56,css,59fab7ca,aathijmuthu,2025-04-10,23:08:48,-07:00,2025-04-10T23:08:48-07:00,0,7
styles.css,57,css,59fab7ca,aathijmuthu,2025-04-10,23:08:48,-07:00,2025-04-10T23:08:48-07:00,0,6
styles.css,58,css,f66e6c57,aathijmuthu,2025-04-11,19:23:45,-07:00,2025-04-11T19:23:45-07:00,2,12
styles.css,59,css,59fab7ca,aathijmuthu,2025-04-10,23:08:48,-07:00,2025-04-10T23:08:48-07:00,0,0
styles.css,60,css,59fab7ca,aathijmuthu,2025-04-10,23:08:48,-07:00,2025-04-10T23:08:48-07:00,0,0
styles.css,61,css,59fab7ca,aathijmuthu,2025-04-10,23:08:48,-07:00,2025-04-10T23:08:48-07:00,0,4
styles.css,62,css,f66e6c57,aathijmuthu,2025-04-11,19:23:45,-07:00,2025-04-11T19:23:45-07:00,2,12
styles.css,63,css,f66e6c57,aathijmuthu,2025-04-11,19:23:45,-07:00,2025-04-11T19:23:45-07:00,2,30
styles.css,64,css,f66e6c57,aathijmuthu,2025-04-11,19:23:45,-07:00,2025-04-11T19:23:45-07:00,2,7
styles.css,65,css,59fab7ca,aathijmuthu,2025-04-10,23:08:48,-07:00,2025-04-10T23:08:48-07:00,0,0
styles.css,66,css,59fab7ca,aathijmuthu,2025-04-10,23:08:48,-07:00,2025-04-10T23:08:48-07:00,0,0
styles.css,67,css,59fab7ca,aathijmuthu,2025-04-10,23:08:48,-07:00,2025-04-10T23:08:48-07:00,0,4
styles.css,68,css,f66e6c57,aathijmuthu,2025-04-11,19:23:45,-07:00,2025-04-11T19:23:45-07:00,2,12
styles.css,69,css,f66e6c57,aathijmuthu,2025-04-11,19:23:45,-07:00,2025-04-11T19:23:45-07:00,2,29
styles.css,70,css,f66e6c57,aathijmuthu,2025-04-11,19:23:45,-07:00,2025-04-11T19:23:45-07:00,2,18
styles.css,71,css,f66e6c57,aathijmuthu,2025-04-11,19:23:45,-07:00,2025-04-11T19:23:45-07:00,2,7
styles.css,72,css,59fab7ca,aathijmuthu,2025-04-10,23:08:48,-07:00,2025-04-10T23:08:48-07:00,0,0
styles.css,73,css,de43961c,aathijmuthu,2025-04-10,22:12:14,-07:00,2025-04-10T22:12:14-07:00,0,0
styles.css,74,css,59fab7ca,aathijmuthu,2025-04-10,23:08:48,-07:00,2025-04-10T23:08:48-07:00,0,5
styles.css,75,css,f66e6c57,aathijmuthu,2025-04-11,19:23:45,-07:00,2025-04-11T19:23:45-07:00,2,18
styles.css,76,css,f66e6c57,aathijmuthu,2025-04-11,19:23:45,-07:00,2025-04-11T19:23:45-07:00,0,0
styles.css,77,css,f66e6c57,aathijmuthu,2025-04-11,19:23:45,-07:00,2025-04-11T19:23:45-07:00,0,0
styles.css,78,css,f66e6c57,aathijmuthu,2025-04-11,19:23:45,-07:00,2025-04-11T19:23:45-07:00,0,9
styles.css,79,css,f66e6c57,aathijmuthu,2025-04-11,19:23:45,-07:00,2025-04-11T19:23:45-07:00,2,12
styles.css,80,css,f66e6c57,aathijmuthu,2025-04-11,19:23:45,-07:00,2025-04-11T19:23:45-07:00,2,57
styles.css,81,css,f66e6c57,aathijmuthu,2025-04-11,19:23:45,-07:00,2025-04-11T19:23:45-07:00,2,7
styles.css,82,css,f66e6c57,aathijmuthu,2025-04-11,19:23:45,-07:00,2025-04-11T19:23:45-07:00,0,0
styles.css,83,css,f66e6c57,aathijmuthu,2025-04-11,19:23:45,-07:00,2025-04-11T19:23:45-07:00,0,0
styles.css,84,css,f66e6c57,aathijmuthu,2025-04-11,19:23:45,-07:00,2025-04-11T19:23:45-07:00,0,6
styles.css,85,css,f66e6c57,aathijmuthu,2025-04-11,19:23:45,-07:00,2025-04-11T19:23:45-07:00,2,12
styles.css,86,css,f66e6c57,aathijmuthu,2025-04-11,19:23:45,-07:00,2025-04-11T19:23:45-07:00,2,26
styles.css,87,css,f66e6c57,aathijmuthu,2025-04-11,19:23:45,-07:00,2025-04-11T19:23:45-07:00,2,15
styles.css,88,css,f66e6c57,aathijmuthu,2025-04-11,19:23:45,-07:00,2025-04-11T19:23:45-07:00,2,7
styles.css,89,css,f66e6c57,aathijmuthu,2025-04-11,19:23:45,-07:00,2025-04-11T19:23:45-07:00,0,0
styles.css,90,css,f66e6c57,aathijmuthu,2025-04-11,19:23:45,-07:00,2025-04-11T19:23:45-07:00,0,0
styles.css,91,css,f66e6c57,aathijmuthu,2025-04-11,19:23:45,-07:00,2025-04-11T19:23:45-07:00,0,1
styles.css,92,css,f66e6c57,aathijmuthu,2025-04-11,19:23:45,-07:00,2025-04-11T19:23:45-07:00,2,8
styles.css,93,css,f66e6c57,aathijmuthu,2025-04-11,19:23:45,-07:00,2025-04-11T19:23:45-07:00,0,0
styles.css,94,css,f66e6c57,aathijmuthu,2025-04-11,19:23:45,-07:00,2025-04-11T19:23:45-07:00,0,0
styles.css,95,css,f66e6c57,aathijmuthu,2025-04-11,19:23:45,-07:00,2025-04-11T19:23:45-07:00,0,1
styles.css,96,css,f66e6c57,aathijmuthu,2025-04-11,19:23:45,-07:00,2025-04-11T19:23:45-07:00,2,14
styles.css,97,css,f66e6c57,aathijmuthu,2025-04-11,19:23:45,-07:00,2025-04-11T19:23:45-07:00,0,0
styles.css,98,css,f66e6c57,aathijmuthu,2025-04-11,19:23:45,-07:00,2025-04-11T19:23:45-07:00,0,0
styles.css,99,css,f66e6c57,aathijmuthu,2025-04-11,19:23:45,-07:00,2025-04-11T19:23:45-07:00,0,22
styles.css,100,css,f66e6c57,aathijmuthu,2025-04-11,19:23:45,-07:00,2025-04-11T19:23:45-07:00,2,74
styles.css,101,css,f66e6c57,aathijmuthu,2025-04-11,19:23:45,-07:00,2025-04-11T19:23:45-07:00,2,62
styles.css,102,css,f66e6c57,aathijmuthu,2025-04-11,19:23:45,-07:00,2025-04-11T19:23:45-07:00,0,0
styles.css,103,css,f66e6c57,aathijmuthu,2025-04-11,19:23:45,-07:00,2025-04-11T19:23:45-07:00,0,0
styles.css,104,css,f66e6c57,aathijmuthu,2025-04-11,19:23:45,-07:00,2025-04-11T19:23:45-07:00,0,26
styles.css,105,css,f66e6c57,aathijmuthu,2025-04-11,19:23:45,-07:00,2025-04-11T19:23:45-07:00,0,6
styles.css,106,css,f66e6c57,aathijmuthu,2025-04-11,19:23:45,-07:00,2025-04-11T19:23:45-07:00,2,17
styles.css,107,css,f66e6c57,aathijmuthu,2025-04-11,19:23:45,-07:00,2025-04-11T19:23:45-07:00,2,17
styles.css,108,css,f66e6c57,aathijmuthu,2025-04-11,19:23:45,-07:00,2025-04-11T19:23:45-07:00,2,18
styles.css,109,css,f66e6c57,aathijmuthu,2025-04-11,19:23:45,-07:00,2025-04-11T19:23:45-07:00,2,43
styles.css,110,css,f66e6c57,aathijmuthu,2025-04-11,19:23:45,-07:00,2025-04-11T19:23:45-07:00,0,0
styles.css,111,css,f66e6c57,aathijmuthu,2025-04-11,19:23:45,-07:00,2025-04-11T19:23:45-07:00,0,0
styles.css,112,css,f66e6c57,aathijmuthu,2025-04-11,19:23:45,-07:00,2025-04-11T19:23:45-07:00,0,9
styles.css,113,css,f66e6c57,aathijmuthu,2025-04-11,19:23:45,-07:00,2025-04-11T19:23:45-07:00,2,15
styles.css,114,css,f66e6c57,aathijmuthu,2025-04-11,19:23:45,-07:00,2025-04-11T19:23:45-07:00,2,19
styles.css,115,css,f66e6c57,aathijmuthu,2025-04-11,19:23:45,-07:00,2025-04-11T19:23:45-07:00,0,0
styles.css,116,css,f66e6c57,aathijmuthu,2025-04-11,19:23:45,-07:00,2025-04-11T19:23:45-07:00,0,0
styles.css,117,css,f66e6c57,aathijmuthu,2025-04-11,19:23:45,-07:00,2025-04-11T19:23:45-07:00,0,8
styles.css,118,css,f66e6c57,aathijmuthu,2025-04-11,19:23:45,-07:00,2025-04-11T19:23:45-07:00,2,15
styles.css,119,css,59fab7ca,aathijmuthu,2025-04-10,23:08:48,-07:00,2025-04-10T23:08:48-07:00,0,0
styles.css,120,css,f66e6c57,aathijmuthu,2025-04-11,19:23:45,-07:00,2025-04-11T19:23:45-07:00,0,0
styles.css,121,css,f66e6c57,aathijmuthu,2025-04-11,19:23:45,-07:00,2025-04-11T19:23:45-07:00,0,8
styles.css,122,css,f66e6c57,aathijmuthu,2025-04-11,19:23:45,-07:00,2025-04-11T19:23:45-07:00,2,25
styles.css,123,css,f66e6c57,aathijmuthu,2025-04-11,19:23:45,-07:00,2025-04-11T19:23:45-07:00,2,20
styles.css,124,css,f66e6c57,aathijmuthu,2025-04-11,19:23:45,-07:00,2025-04-11T19:23:45-07:00,0,0
styles.css,125,css,f66e6c57,aathijmuthu,2025-04-11,19:23:45,-07:00,2025-04-11T19:23:45-07:00,0,0
styles.css,126,css,f66e6c57,aathijmuthu,2025-04-11,19:23:45,-07:00,2025-04-11T19:23:45-07:00,0,14
styles.css,127,css,f66e6c57,aathijmuthu,2025-04-11,19:23:45,-07:00,2025-04-11T19:23:45-07:00,2,25
styles.css,128,css,f66e6c57,aathijmuthu,2025-04-11,19:23:45,-07:00,2025-04-11T19:23:45-07:00,0,0
styles.css,129,css,f66e6c57,aathijmuthu,2025-04-11,19:23:45,-07:00,2025-04-11T19:23:45-07:00,0,0
styles.css,130,css,f66e6c57,aathijmuthu,2025-04-11,19:23:45,-07:00,2025-04-11T19:23:45-07:00,0,7
styles.css,131,css,f66e6c57,aathijmuthu,2025-04-11,19:23:45,-07:00,2025-04-11T19:23:45-07:00,2,17
styles.css,132,css,f66e6c57,aathijmuthu,2025-04-11,19:23:45,-07:00,2025-04-11T19:23:45-07:00,2,11
styles.css,133,css,f66e6c57,aathijmuthu,2025-04-11,19:23:45,-07:00,2025-04-11T19:23:45-07:00,2,17
styles.css,134,css,f66e6c57,aathijmuthu,2025-04-11,19:23:45,-07:00,2025-04-11T19:23:45-07:00,0,0
styles.css,135,css,f66e6c57,aathijmuthu,2025-04-11,19:23:45,-07:00,2025-04-11T19:23:45-07:00,0,0
styles.css,136,css,f66e6c57,aathijmuthu,2025-04-11,19:23:45,-07:00,2025-04-11T19:23:45-07:00,0,17
styles.css,137,css,f66e6c57,aathijmuthu,2025-04-11,19:23:45,-07:00,2025-04-11T19:23:45-07:00,2,15
styles.css,138,css,f66e6c57,aathijmuthu,2025-04-11,19:23:45,-07:00,2025-04-11T19:23:45-07:00,2,17
styles.css,139,css,f66e6c57,aathijmuthu,2025-04-11,19:23:45,-07:00,2025-04-11T19:23:45-07:00,2,20
styles.css,140,css,f66e6c57,aathijmuthu,2025-04-11,19:23:45,-07:00,2025-04-11T19:23:45-07:00,0,0
styles.css,141,css,f66e6c57,aathijmuthu,2025-04-11,19:23:45,-07:00,2025-04-11T19:23:45-07:00,0,0
styles.css,142,css,f66e6c57,aathijmuthu,2025-04-11,19:23:45,-07:00,2025-04-11T19:23:45-07:00,0,7
styles.css,143,css,f66e6c57,aathijmuthu,2025-04-11,19:23:45,-07:00,2025-04-11T19:23:45-07:00,2,19
styles.css,144,css,f66e6c57,aathijmuthu,2025-04-11,19:23:45,-07:00,2025-04-11T19:23:45-07:00,2,11
styles.css,145,css,f66e6c57,aathijmuthu,2025-04-11,19:23:45,-07:00,2025-04-11T19:23:45-07:00,2,17
styles.css,146,css,f66e6c57,aathijmuthu,2025-04-11,19:23:45,-07:00,2025-04-11T19:23:45-07:00,0,0
styles.css,147,css,f66e6c57,aathijmuthu,2025-04-11,19:23:45,-07:00,2025-04-11T19:23:45-07:00,0,0
styles.css,148,css,f66e6c57,aathijmuthu,2025-04-11,19:23:45,-07:00,2025-04-11T19:23:45-07:00,0,14
styles.css,149,css,f66e6c57,aathijmuthu,2025-04-11,19:23:45,-07:00,2025-04-11T19:23:45-07:00,2,18
styles.css,150,css,f66e6c57,aathijmuthu,2025-04-11,19:23:45,-07:00,2025-04-11T19:23:45-07:00,2,15
styles.css,151,css,f66e6c57,aathijmuthu,2025-04-11,19:23:45,-07:00,2025-04-11T19:23:45-07:00,2,17
styles.css,152,css,f66e6c57,aathijmuthu,2025-04-11,19:23:45,-07:00,2025-04-11T19:23:45-07:00,2,16
styles.css,153,css,f66e6c57,aathijmuthu,2025-04-11,19:23:45,-07:00,2025-04-11T19:23:45-07:00,0,0
styles.css,154,css,f66e6c57,aathijmuthu,2025-04-11,19:23:45,-07:00,2025-04-11T19:23:45-07:00,0,0
styles.css,155,css,f66e6c57,aathijmuthu,2025-04-11,19:23:45,-07:00,2025-04-11T19:23:45-07:00,0,10
styles.css,156,css,f66e6c57,aathijmuthu,2025-04-11,19:23:45,-07:00,2025-04-11T19:23:45-07:00,2,15
styles.css,157,css,f66e6c57,aathijmuthu,2025-04-11,19:23:45,-07:00,2025-04-11T19:23:45-07:00,2,19
styles.css,158,css,f66e6c57,aathijmuthu,2025-04-11,19:23:45,-07:00,2025-04-11T19:23:45-07:00,0,0
styles.css,159,css,f66e6c57,aathijmuthu,2025-04-11,19:23:45,-07:00,2025-04-11T19:23:45-07:00,0,0
styles.css,160,css,f66e6c57,aathijmuthu,2025-04-11,19:23:45,-07:00,2025-04-11T19:23:45-07:00,0,9
styles.css,161,css,f66e6c57,aathijmuthu,2025-04-11,19:23:45,-07:00,2025-04-11T19:23:45-07:00,2,19
styles.css,162,css,f66e6c57,aathijmuthu,2025-04-11,19:23:45,-07:00,2025-04-11T19:23:45-07:00,0,0
styles.css,163,css,f66e6c57,aathijmuthu,2025-04-11,19:23:45,-07:00,2025-04-11T19:23:45-07:00,0,0
styles.css,164,css,f66e6c57,aathijmuthu,2025-04-11,19:23:45,-07:00,2025-04-11T19:23:45-07:00,0,12
styles.css,165,css,f66e6c57,aathijmuthu,2025-04-11,19:23:45,-07:00,2025-04-11T19:23:45-07:00,2,17
styles.css,166,css,f66e6c57,aathijmuthu,2025-04-11,19:23:45,-07:00,2025-04-11T19:23:45-07:00,0,0
styles.css,167,css,f66e6c57,aathijmuthu,2025-04-11,19:23:45,-07:00,2025-04-11T19:23:45-07:00,0,0
styles.css,168,css,f66e6c57,aathijmuthu,2025-04-11,19:23:45,-07:00,2025-04-11T19:23:45-07:00,0,2
styles.css,169,css,f66e6c57,aathijmuthu,2025-04-11,19:23:45,-07:00,2025-04-11T19:23:45-07:00,2,20
styles.css,170,css,f66e6c57,aathijmuthu,2025-04-11,19:23:45,-07:00,2025-04-11T19:23:45-07:00,2,18
styles.css,171,css,f66e6c57,aathijmuthu,2025-04-11,19:23:45,-07:00,2025-04-11T19:23:45-07:00,2,16
styles.css,172,css,f66e6c57,aathijmuthu,2025-04-11,19:23:45,-07:00,2025-04-11T19:23:45-07:00,0,0
styles.css,173,css,f66e6c57,aathijmuthu,2025-04-11,19:23:45,-07:00,2025-04-11T19:23:45-07:00,0,0
styles.css,174,css,f66e6c57,aathijmuthu,2025-04-11,19:23:45,-07:00,2025-04-11T19:23:45-07:00,0,2
styles.css,175,css,f66e6c57,aathijmuthu,2025-04-11,19:23:45,-07:00,2025-04-11T19:23:45-07:00,2,19
styles.css,176,css,f66e6c57,aathijmuthu,2025-04-11,19:23:45,-07:00,2025-04-11T19:23:45-07:00,2,15
styles.css,177,css,f66e6c57,aathijmuthu,2025-04-11,19:23:45,-07:00,2025-04-11T19:23:45-07:00,0,0
styles.css,178,css,f66e6c57,aathijmuthu,2025-04-11,19:23:45,-07:00,2025-04-11T19:23:45-07:00,0,0
styles.css,179,css,f66e6c57,aathijmuthu,2025-04-11,19:23:45,-07:00,2025-04-11T19:23:45-07:00,0,21
styles.css,180,css,f66e6c57,aathijmuthu,2025-04-11,19:23:45,-07:00,2025-04-11T19:23:45-07:00,0,25
styles.css,181,css,f66e6c57,aathijmuthu,2025-04-11,19:23:45,-07:00,2025-04-11T19:23:45-07:00,2,4
styles.css,182,css,f66e6c57,aathijmuthu,2025-04-11,19:23:45,-07:00,2025-04-11T19:23:45-07:00,4,11
styles.css,183,css,f66e6c57,aathijmuthu,2025-04-11,19:23:45,-07:00,2025-04-11T19:23:45-07:00,2,0
styles.css,184,css,f66e6c57,aathijmuthu,2025-04-11,19:23:45,-07:00,2025-04-11T19:23:45-07:00,2,0
styles.css,185,css,f66e6c57,aathijmuthu,2025-04-11,19:23:45,-07:00,2025-04-11T19:23:45-07:00,2,9
styles.css,186,css,f66e6c57,aathijmuthu,2025-04-11,19:23:45,-07:00,2025-04-11T19:23:45-07:00,4,13
styles.css,187,css,f66e6c57,aathijmuthu,2025-04-11,19:23:45,-07:00,2025-04-11T19:23:45-07:00,2,0
styles.css,188,css,f66e6c57,aathijmuthu,2025-04-11,19:23:45,-07:00,2025-04-11T19:23:45-07:00,2,0
styles.css,189,css,f66e6c57,aathijmuthu,2025-04-11,19:23:45,-07:00,2025-04-11T19:23:45-07:00,2,7
styles.css,190,css,f66e6c57,aathijmuthu,2025-04-11,19:23:45,-07:00,2025-04-11T19:23:45-07:00,4,13
styles.css,191,css,f66e6c57,aathijmuthu,2025-04-11,19:23:45,-07:00,2025-04-11T19:23:45-07:00,2,0
styles.css,192,css,f66e6c57,aathijmuthu,2025-04-11,19:23:45,-07:00,2025-04-11T19:23:45-07:00,0,0
styles.css,193,css,f66e6c57,aathijmuthu,2025-04-11,19:23:45,-07:00,2025-04-11T19:23:45-07:00,0,0
styles.css,194,css,f66e6c57,aathijmuthu,2025-04-11,19:23:45,-07:00,2025-04-11T19:23:45-07:00,0,16
styles.css,195,css,f66e6c57,aathijmuthu,2025-04-11,19:23:45,-07:00,2025-04-11T19:23:45-07:00,0,12
styles.css,196,css,f66e6c57,aathijmuthu,2025-04-11,19:23:45,-07:00,2025-04-11T19:23:45-07:00,2,4
styles.css,197,css,f66e6c57,aathijmuthu,2025-04-11,19:23:45,-07:00,2025-04-11T19:23:45-07:00,4,9
styles.css,198,css,f66e6c57,aathijmuthu,2025-04-11,19:23:45,-07:00,2025-04-11T19:23:45-07:00,2,0
styles.css,199,css,f66e6c57,aathijmuthu,2025-04-11,19:23:45,-07:00,2025-04-11T19:23:45-07:00,2,0
styles.css,200,css,f66e6c57,aathijmuthu,2025-04-11,19:23:45,-07:00,2025-04-11T19:23:45-07:00,2,3
styles.css,201,css,f66e6c57,aathijmuthu,2025-04-11,19:23:45,-07:00,2025-04-11T19:23:45-07:00,4,12
styles.css,202,css,f66e6c57,aathijmuthu,2025-04-11,19:23:45,-07:00,2025-04-11T19:23:45-07:00,2,0
styles.css,203,css,f66e6c57,aathijmuthu,2025-04-11,19:23:45,-07:00,2025-04-11T19:23:45-07:00,2,0
styles.css,204,css,f66e6c57,aathijmuthu,2025-04-11,19:23:45,-07:00,2025-04-11T19:23:45-07:00,2,7
styles.css,205,css,f66e6c57,aathijmuthu,2025-04-11,19:23:45,-07:00,2025-04-11T19:23:45-07:00,4,15
styles.css,206,css,f66e6c57,aathijmuthu,2025-04-11,19:23:45,-07:00,2025-04-11T19:23:45-07:00,4,18
styles.css,207,css,f66e6c57,aathijmuthu,2025-04-11,19:23:45,-07:00,2025-04-11T19:23:45-07:00,2,0
styles.css,208,css,f66e6c57,aathijmuthu,2025-04-11,19:23:45,-07:00,2025-04-11T19:23:45-07:00,2,0
styles.css,209,css,f66e6c57,aathijmuthu,2025-04-11,19:23:45,-07:00,2025-04-11T19:23:45-07:00,2,1
styles.css,210,css,f66e6c57,aathijmuthu,2025-04-11,19:23:45,-07:00,2025-04-11T19:23:45-07:00,4,20
styles.css,211,css,f66e6c57,aathijmuthu,2025-04-11,19:23:45,-07:00,2025-04-11T19:23:45-07:00,2,0
styles.css,212,css,f66e6c57,aathijmuthu,2025-04-11,19:23:45,-07:00,2025-04-11T19:23:45-07:00,0,0
styles.css,213,css,f66e6c57,aathijmuthu,2025-04-11,19:23:45,-07:00,2025-04-11T19:23:45-07:00,0,0
styles.css,214,css,4e1e42df,aathijmuthu,2025-04-18,17:44:01,-07:00,2025-04-18T17:44:01-07:00,0,0
styles.css,215,css,4e1e42df,aathijmuthu,2025-04-18,17:44:01,-07:00,2025-04-18T17:44:01-07:00,0,18
styles.css,216,css,fc3ed965,aathijmuthu,2025-04-18,21:20:35,-07:00,2025-04-18T21:20:35-07:00,2,17
styles.css,217,css,4e1e42df,aathijmuthu,2025-04-18,17:44:01,-07:00,2025-04-18T17:44:01-07:00,2,8
styles.css,218,css,4e1e42df,aathijmuthu,2025-04-18,17:44:01,-07:00,2025-04-18T17:44:01-07:00,2,10
styles.css,219,css,fc3ed965,aathijmuthu,2025-04-18,21:20:35,-07:00,2025-04-18T21:20:35-07:00,2,12
styles.css,220,css,fc3ed965,aathijmuthu,2025-04-18,21:20:35,-07:00,2025-04-18T21:20:35-07:00,2,18
styles.css,221,css,fc3ed965,aathijmuthu,2025-04-18,21:20:35,-07:00,2025-04-18T21:20:35-07:00,2,10
styles.css,222,css,fc3ed965,aathijmuthu,2025-04-18,21:20:35,-07:00,2025-04-18T21:20:35-07:00,2,16
styles.css,223,css,fc3ed965,aathijmuthu,2025-04-18,21:20:35,-07:00,2025-04-18T21:20:35-07:00,0,0
styles.css,224,css,fc3ed965,aathijmuthu,2025-04-18,21:20:35,-07:00,2025-04-18T21:20:35-07:00,0,0
styles.css,225,css,fc3ed965,aathijmuthu,2025-04-18,21:20:35,-07:00,2025-04-18T21:20:35-07:00,0,25
styles.css,226,css,fc3ed965,aathijmuthu,2025-04-18,21:20:35,-07:00,2025-04-18T21:20:35-07:00,2,14
styles.css,227,css,fc3ed965,aathijmuthu,2025-04-18,21:20:35,-07:00,2025-04-18T21:20:35-07:00,2,17
styles.css,228,css,fc3ed965,aathijmuthu,2025-04-18,21:20:35,-07:00,2025-04-18T21:20:35-07:00,0,0
styles.css,229,css,7f99f24d,aathijmuthu,2025-05-02,18:16:36,-07:00,2025-05-02T18:16:36-07:00,0,0
styles.css,230,css,7f99f24d,aathijmuthu,2025-05-02,18:16:36,-07:00,2025-05-02T18:16:36-07:00,0,16
styles.css,231,css,7f99f24d,aathijmuthu,2025-05-02,18:16:36,-07:00,2025-05-02T18:16:36-07:00,2,12
styles.css,232,css,7f99f24d,aathijmuthu,2025-05-02,18:16:36,-07:00,2025-05-02T18:16:36-07:00,2,21
styles.css,233,css,7f99f24d,aathijmuthu,2025-05-02,18:16:36,-07:00,2025-05-02T18:16:36-07:00,2,9
styles.css,234,css,7f99f24d,aathijmuthu,2025-05-02,18:16:36,-07:00,2025-05-02T18:16:36-07:00,0,0
styles.css,235,css,7f99f24d,aathijmuthu,2025-05-02,18:16:36,-07:00,2025-05-02T18:16:36-07:00,0,0
styles.css,236,css,7f99f24d,aathijmuthu,2025-05-02,18:16:36,-07:00,2025-05-02T18:16:36-07:00,0,13
styles.css,237,css,7f99f24d,aathijmuthu,2025-05-02,18:16:36,-07:00,2025-05-02T18:16:36-07:00,2,25
styles.css,238,css,7f99f24d,aathijmuthu,2025-05-02,18:16:36,-07:00,2025-05-02T18:16:36-07:00,2,15
styles.css,239,css,7f99f24d,aathijmuthu,2025-05-02,18:16:36,-07:00,2025-05-02T18:16:36-07:00,2,17
styles.css,240,css,7f99f24d,aathijmuthu,2025-05-02,18:16:36,-07:00,2025-05-02T18:16:36-07:00,2,16
styles.css,241,css,7f99f24d,aathijmuthu,2025-05-02,18:16:36,-07:00,2025-05-02T18:16:36-07:00,0,0
styles.css,242,css,7f99f24d,aathijmuthu,2025-05-02,18:16:36,-07:00,2025-05-02T18:16:36-07:00,0,0
styles.css,243,css,7f99f24d,aathijmuthu,2025-05-02,18:16:36,-07:00,2025-05-02T18:16:36-07:00,0,10
styles.css,244,css,7f99f24d,aathijmuthu,2025-05-02,18:16:36,-07:00,2025-05-02T18:16:36-07:00,2,12
styles.css,245,css,7f99f24d,aathijmuthu,2025-05-02,18:16:36,-07:00,2025-05-02T18:16:36-07:00,2,18
styles.css,246,css,7f99f24d,aathijmuthu,2025-05-02,18:16:36,-07:00,2025-05-02T18:16:36-07:00,2,18
styles.css,247,css,7f99f24d,aathijmuthu,2025-05-02,18:16:36,-07:00,2025-05-02T18:16:36-07:00,2,7
styles.css,248,css,7f99f24d,aathijmuthu,2025-05-02,18:16:36,-07:00,2025-05-02T18:16:36-07:00,2,12
styles.css,249,css,7f99f24d,aathijmuthu,2025-05-02,18:16:36,-07:00,2025-05-02T18:16:36-07:00,0,0
styles.css,250,css,7f99f24d,aathijmuthu,2025-05-02,18:16:36,-07:00,2025-05-02T18:16:36-07:00,0,0
styles.css,251,css,7f99f24d,aathijmuthu,2025-05-02,18:16:36,-07:00,2025-05-02T18:16:36-07:00,0,14
styles.css,252,css,7f99f24d,aathijmuthu,2025-05-02,18:16:36,-07:00,2025-05-02T18:16:36-07:00,2,14
styles.css,253,css,7f99f24d,aathijmuthu,2025-05-02,18:16:36,-07:00,2025-05-02T18:16:36-07:00,2,16
styles.css,254,css,7f99f24d,aathijmuthu,2025-05-02,18:16:36,-07:00,2025-05-02T18:16:36-07:00,2,13
styles.css,255,css,7f99f24d,aathijmuthu,2025-05-02,18:16:36,-07:00,2025-05-02T18:16:36-07:00,0,0
styles.css,256,css,7f99f24d,aathijmuthu,2025-05-02,18:16:36,-07:00,2025-05-02T18:16:36-07:00,0,0
styles.css,257,css,7f99f24d,aathijmuthu,2025-05-02,18:16:36,-07:00,2025-05-02T18:16:36-07:00,0,7
styles.css,258,css,7f99f24d,aathijmuthu,2025-05-02,18:16:36,-07:00,2025-05-02T18:16:36-07:00,2,12
styles.css,259,css,7f99f24d,aathijmuthu,2025-05-02,18:16:36,-07:00,2025-05-02T18:16:36-07:00,2,57
styles.css,260,css,7f99f24d,aathijmuthu,2025-05-02,18:16:36,-07:00,2025-05-02T18:16:36-07:00,2,7
styles.css,261,css,7f99f24d,aathijmuthu,2025-05-02,18:16:36,-07:00,2025-05-02T18:16:36-07:00,2,15
styles.css,262,css,7f99f24d,aathijmuthu,2025-05-02,18:16:36,-07:00,2025-05-02T18:16:36-07:00,2,11
styles.css,263,css,7f99f24d,aathijmuthu,2025-05-02,18:16:36,-07:00,2025-05-02T18:16:36-07:00,2,8
styles.css,264,css,7f99f24d,aathijmuthu,2025-05-02,18:16:36,-07:00,2025-05-02T18:16:36-07:00,2,69
styles.css,265,css,7f99f24d,aathijmuthu,2025-05-02,18:16:36,-07:00,2025-05-02T18:16:36-07:00,2,19
styles.css,266,css,7f99f24d,aathijmuthu,2025-05-02,18:16:36,-07:00,2025-05-02T18:16:36-07:00,2,10
styles.css,267,css,7f99f24d,aathijmuthu,2025-05-02,18:16:36,-07:00,2025-05-02T18:16:36-07:00,2,22
styles.css,268,css,7f99f24d,aathijmuthu,2025-05-02,18:16:36,-07:00,2025-05-02T18:16:36-07:00,0,0
styles.css,269,css,7f99f24d,aathijmuthu,2025-05-02,18:16:36,-07:00,2025-05-02T18:16:36-07:00,0,0
styles.css,270,css,7f99f24d,aathijmuthu,2025-05-02,18:16:36,-07:00,2025-05-02T18:16:36-07:00,0,12
styles.css,271,css,7f99f24d,aathijmuthu,2025-05-02,18:16:36,-07:00,2025-05-02T18:16:36-07:00,2,12
styles.css,272,css,7f99f24d,aathijmuthu,2025-05-02,18:16:36,-07:00,2025-05-02T18:16:36-07:00,2,18
styles.css,273,css,7f99f24d,aathijmuthu,2025-05-02,18:16:36,-07:00,2025-05-02T18:16:36-07:00,2,9
styles.css,274,css,7f99f24d,aathijmuthu,2025-05-02,18:16:36,-07:00,2025-05-02T18:16:36-07:00,0,0
styles.css,275,css,7f99f24d,aathijmuthu,2025-05-02,18:16:36,-07:00,2025-05-02T18:16:36-07:00,0,0
styles.css,276,css,7f99f24d,aathijmuthu,2025-05-02,18:16:36,-07:00,2025-05-02T18:16:36-07:00,0,7
styles.css,277,css,7f99f24d,aathijmuthu,2025-05-02,18:16:36,-07:00,2025-05-02T18:16:36-07:00,2,20
styles.css,278,css,7f99f24d,aathijmuthu,2025-05-02,18:16:36,-07:00,2025-05-02T18:16:36-07:00,2,9
styles.css,279,css,7f99f24d,aathijmuthu,2025-05-02,18:16:36,-07:00,2025-05-02T18:16:36-07:00,2,18
styles.css,280,css,7f99f24d,aathijmuthu,2025-05-02,18:16:36,-07:00,2025-05-02T18:16:36-07:00,2,19
styles.css,281,css,7f99f24d,aathijmuthu,2025-05-02,18:16:36,-07:00,2025-05-02T18:16:36-07:00,2,29
styles.css,282,css,7f99f24d,aathijmuthu,2025-05-02,18:16:36,-07:00,2025-05-02T18:16:36-07:00,0,0
styles.css,283,css,7f99f24d,aathijmuthu,2025-05-02,18:16:36,-07:00,2025-05-02T18:16:36-07:00,0,0
styles.css,284,css,7f99f24d,aathijmuthu,2025-05-02,18:16:36,-07:00,2025-05-02T18:16:36-07:00,0,10
styles.css,285,css,7f99f24d,aathijmuthu,2025-05-02,18:16:36,-07:00,2025-05-02T18:16:36-07:00,2,17
styles.css,286,css,7f99f24d,aathijmuthu,2025-05-02,18:16:36,-07:00,2025-05-02T18:16:36-07:00,2,11
styles.css,287,css,7f99f24d,aathijmuthu,2025-05-02,18:16:36,-07:00,2025-05-02T18:16:36-07:00,0,0
styles.css,288,css,297a17fd,aathijmuthu,2025-05-02,21:49:56,-07:00,2025-05-02T21:49:56-07:00,0,0
styles.css,289,css,297a17fd,aathijmuthu,2025-05-02,21:49:56,-07:00,2025-05-02T21:49:56-07:00,0,17
styles.css,290,css,297a17fd,aathijmuthu,2025-05-02,21:49:56,-07:00,2025-05-02T21:49:56-07:00,2,16
styles.css,291,css,297a17fd,aathijmuthu,2025-05-02,21:49:56,-07:00,2025-05-02T21:49:56-07:00,3,11
styles.css,292,css,297a17fd,aathijmuthu,2025-05-02,21:49:56,-07:00,2025-05-02T21:49:56-07:00,2,0
styles.css,293,css,297a17fd,aathijmuthu,2025-05-02,21:49:56,-07:00,2025-05-02T21:49:56-07:00,1,0
styles.css,294,css,297a17fd,aathijmuthu,2025-05-02,21:49:56,-07:00,2025-05-02T21:49:56-07:00,0,0
styles.css,295,css,297a17fd,aathijmuthu,2025-05-02,21:49:56,-07:00,2025-05-02T21:49:56-07:00,0,4
styles.css,296,css,297a17fd,aathijmuthu,2025-05-02,21:49:56,-07:00,2025-05-02T21:49:56-07:00,2,16
styles.css,297,css,297a17fd,aathijmuthu,2025-05-02,21:49:56,-07:00,2025-05-02T21:49:56-07:00,1,0
styles.css,298,css,297a17fd,aathijmuthu,2025-05-02,21:49:56,-07:00,2025-05-02T21:49:56-07:00,0,0
styles.css,299,css,297a17fd,aathijmuthu,2025-05-02,21:49:56,-07:00,2025-05-02T21:49:56-07:00,1,9
styles.css,300,css,297a17fd,aathijmuthu,2025-05-02,21:49:56,-07:00,2025-05-02T21:49:56-07:00,2,35
styles.css,301,css,297a17fd,aathijmuthu,2025-05-02,21:49:56,-07:00,2025-05-02T21:49:56-07:00,1,0
styles.css,302,css,297a17fd,aathijmuthu,2025-05-02,21:49:56,-07:00,2025-05-02T21:49:56-07:00,2,10
styles.css,303,css,297a17fd,aathijmuthu,2025-05-02,21:49:56,-07:00,2025-05-02T21:49:56-07:00,3,17
styles.css,304,css,297a17fd,aathijmuthu,2025-05-02,21:49:56,-07:00,2025-05-02T21:49:56-07:00,2,0
styles.css,305,css,297a17fd,aathijmuthu,2025-05-02,21:49:56,-07:00,2025-05-02T21:49:56-07:00,1,0
index.js,1,js,d5f9b9c2,aathijmuthu,2025-04-25,20:17:19,-07:00,2025-04-25T20:17:19-07:00,0,71
index.js,2,js,d5f9b9c2,aathijmuthu,2025-04-25,20:17:19,-07:00,2025-04-25T20:17:19-07:00,0,0
index.js,3,js,d5f9b9c2,aathijmuthu,2025-04-25,20:17:19,-07:00,2025-04-25T20:17:19-07:00,0,54
index.js,4,js,d5f9b9c2,aathijmuthu,2025-04-25,20:17:19,-07:00,2025-04-25T20:17:19-07:00,0,42
index.js,5,js,d5f9b9c2,aathijmuthu,2025-04-25,20:17:19,-07:00,2025-04-25T20:17:19-07:00,0,0
index.js,6,js,d5f9b9c2,aathijmuthu,2025-04-25,20:17:19,-07:00,2025-04-25T20:17:19-07:00,0,60
index.js,7,js,d5f9b9c2,aathijmuthu,2025-04-25,20:17:19,-07:00,2025-04-25T20:17:19-07:00,0,0
index.js,8,js,d5f9b9c2,aathijmuthu,2025-04-25,20:17:19,-07:00,2025-04-25T20:17:19-07:00,0,54
index.js,9,js,d5f9b9c2,aathijmuthu,2025-04-25,20:17:19,-07:00,2025-04-25T20:17:19-07:00,0,0
index.js,10,js,d5f9b9c2,aathijmuthu,2025-04-25,20:17:19,-07:00,2025-04-25T20:17:19-07:00,0,54
index.js,11,js,d5f9b9c2,aathijmuthu,2025-04-25,20:17:19,-07:00,2025-04-25T20:17:19-07:00,0,60
index.js,12,js,d5f9b9c2,aathijmuthu,2025-04-25,20:17:19,-07:00,2025-04-25T20:17:19-07:00,0,0
index.js,13,js,d5f9b9c2,aathijmuthu,2025-04-25,20:17:19,-07:00,2025-04-25T20:17:19-07:00,0,21
index.js,14,js,d5f9b9c2,aathijmuthu,2025-04-25,20:17:19,-07:00,2025-04-25T20:17:19-07:00,0,0
index.js,15,js,d5f9b9c2,aathijmuthu,2025-04-25,20:17:19,-07:00,2025-04-25T20:17:19-07:00,0,17
index.js,16,js,d5f9b9c2,aathijmuthu,2025-04-25,20:17:19,-07:00,2025-04-25T20:17:19-07:00,2,38
index.js,17,js,d5f9b9c2,aathijmuthu,2025-04-25,20:17:19,-07:00,2025-04-25T20:17:19-07:00,2,36
index.js,18,js,d5f9b9c2,aathijmuthu,2025-04-25,20:17:19,-07:00,2025-04-25T20:17:19-07:00,2,35
index.js,19,js,d5f9b9c2,aathijmuthu,2025-04-25,20:17:19,-07:00,2025-04-25T20:17:19-07:00,2,24
index.js,20,js,d5f9b9c2,aathijmuthu,2025-04-25,20:17:19,-07:00,2025-04-25T20:17:19-07:00,4,64
index.js,21,js,d5f9b9c2,aathijmuthu,2025-04-25,20:17:19,-07:00,2025-04-25T20:17:19-07:00,6,41
index.js,22,js,d5f9b9c2,aathijmuthu,2025-04-25,20:17:19,-07:00,2025-04-25T20:17:19-07:00,6,41
index.js,23,js,d5f9b9c2,aathijmuthu,2025-04-25,20:17:19,-07:00,2025-04-25T20:17:19-07:00,6,38
index.js,24,js,d5f9b9c2,aathijmuthu,2025-04-25,20:17:19,-07:00,2025-04-25T20:17:19-07:00,6,38
index.js,25,js,d5f9b9c2,aathijmuthu,2025-04-25,20:17:19,-07:00,2025-04-25T20:17:19-07:00,6,54
index.js,26,js,d5f9b9c2,aathijmuthu,2025-04-25,20:17:19,-07:00,2025-04-25T20:17:19-07:00,6,54
index.js,27,js,d5f9b9c2,aathijmuthu,2025-04-25,20:17:19,-07:00,2025-04-25T20:17:19-07:00,6,51
index.js,28,js,d5f9b9c2,aathijmuthu,2025-04-25,20:17:19,-07:00,2025-04-25T20:17:19-07:00,6,51
index.js,29,js,d5f9b9c2,aathijmuthu,2025-04-25,20:17:19,-07:00,2025-04-25T20:17:19-07:00,4,3
index.js,30,js,d5f9b9c2,aathijmuthu,2025-04-25,20:17:19,-07:00,2025-04-25T20:17:19-07:00,2,0
index.js,31,js,d5f9b9c2,aathijmuthu,2025-04-25,20:17:19,-07:00,2025-04-25T20:17:19-07:00,0,0
index.html,1,html,d85922f4,aathijmuthu,2025-04-03,18:15:26,-07:00,2025-04-03T18:15:26-07:00,0,13
index.html,2,html,d85922f4,aathijmuthu,2025-04-03,18:15:26,-07:00,2025-04-03T18:15:26-07:00,0,14
index.html,3,html,d85922f4,aathijmuthu,2025-04-03,18:15:26,-07:00,2025-04-03T18:15:26-07:00,0,4
index.html,4,html,328046f9,aathijmuthu,2025-04-03,18:54:06,-07:00,2025-04-03T18:54:06-07:00,2,39
index.html,5,html,550a7c56,aathijmuthu,2025-04-18,16:55:20,-07:00,2025-04-18T16:55:20-07:00,2,45
index.html,6,html,d5f9b9c2,aathijmuthu,2025-04-25,20:17:19,-07:00,2025-04-25T20:17:19-07:00,2,50
index.html,7,html,d85922f4,aathijmuthu,2025-04-03,18:15:26,-07:00,2025-04-03T18:15:26-07:00,2,20
index.html,8,html,d85922f4,aathijmuthu,2025-04-03,18:15:26,-07:00,2025-04-03T18:15:26-07:00,2,68
index.html,9,html,d85922f4,aathijmuthu,2025-04-03,18:15:26,-07:00,2025-04-03T18:15:26-07:00,2,53
index.html,10,html,d85922f4,aathijmuthu,2025-04-03,18:15:26,-07:00,2025-04-03T18:15:26-07:00,0,5
index.html,11,html,d85922f4,aathijmuthu,2025-04-03,18:15:26,-07:00,2025-04-03T18:15:26-07:00,0,4
index.html,12,html,4e1e42df,aathijmuthu,2025-04-18,17:44:01,-07:00,2025-04-18T17:44:01-07:00,0,0
index.html,13,html,d85922f4,aathijmuthu,2025-04-03,18:15:26,-07:00,2025-04-03T18:15:26-07:00,2,18
index.html,14,html,de43961c,aathijmuthu,2025-04-10,22:12:14,-07:00,2025-04-10T22:12:14-07:00,2,94
index.html,15,html,655ceb46,aathijmuthu,2025-04-04,23:22:09,-07:00,2025-04-04T23:22:09-07:00,2,121
index.html,16,html,655ceb46,aathijmuthu,2025-04-04,23:22:09,-07:00,2025-04-04T23:22:09-07:00,2,164
index.html,17,html,655ceb46,aathijmuthu,2025-04-04,23:22:09,-07:00,2025-04-04T23:22:09-07:00,2,83
index.html,18,html,de43961c,aathijmuthu,2025-04-10,22:12:14,-07:00,2025-04-10T22:12:14-07:00,2,0
index.html,19,html,d5f9b9c2,aathijmuthu,2025-04-25,20:17:19,-07:00,2025-04-25T20:17:19-07:00,2,19
index.html,20,html,d5f9b9c2,aathijmuthu,2025-04-25,20:17:19,-07:00,2025-04-25T20:17:19-07:00,2,22
index.html,21,html,d5f9b9c2,aathijmuthu,2025-04-25,20:17:19,-07:00,2025-04-25T20:17:19-07:00,2,4
index.html,22,html,d5f9b9c2,aathijmuthu,2025-04-25,20:17:19,-07:00,2025-04-25T20:17:19-07:00,0,0
index.html,23,html,d5f9b9c2,aathijmuthu,2025-04-25,20:17:19,-07:00,2025-04-25T20:17:19-07:00,2,22
index.html,24,html,d5f9b9c2,aathijmuthu,2025-04-25,20:17:19,-07:00,2025-04-25T20:17:19-07:00,2,20
index.html,25,html,d5f9b9c2,aathijmuthu,2025-04-25,20:17:19,-07:00,2025-04-25T20:17:19-07:00,2,4
index.html,26,html,328046f9,aathijmuthu,2025-04-03,18:54:06,-07:00,2025-04-03T18:54:06-07:00,2,0
index.html,27,html,d85922f4,aathijmuthu,2025-04-03,18:15:26,-07:00,2025-04-03T18:15:26-07:00,0,5
index.html,28,html,d85922f4,aathijmuthu,2025-04-03,18:15:26,-07:00,2025-04-03T18:15:26-07:00,0,5
global.js,1,js,7f99f24d,aathijmuthu,2025-05-02,18:16:36,-07:00,2025-05-02T18:16:36-07:00,0,26
global.js,2,js,550a7c56,aathijmuthu,2025-04-18,16:55:20,-07:00,2025-04-18T16:55:20-07:00,0,0
global.js,3,js,550a7c56,aathijmuthu,2025-04-18,16:55:20,-07:00,2025-04-18T16:55:20-07:00,0,41
global.js,4,js,550a7c56,aathijmuthu,2025-04-18,16:55:20,-07:00,2025-04-18T16:55:20-07:00,1,52
global.js,5,js,4e1e42df,aathijmuthu,2025-04-18,17:44:01,-07:00,2025-04-18T17:44:01-07:00,0,0
global.js,6,js,4e1e42df,aathijmuthu,2025-04-18,17:44:01,-07:00,2025-04-18T17:44:01-07:00,0,0
global.js,7,js,4e1e42df,aathijmuthu,2025-04-18,17:44:01,-07:00,2025-04-18T17:44:01-07:00,0,30
global.js,8,js,4e1e42df,aathijmuthu,2025-04-18,17:44:01,-07:00,2025-04-18T17:44:01-07:00,0,0
global.js,9,js,4e1e42df,aathijmuthu,2025-04-18,17:44:01,-07:00,2025-04-18T17:44:01-07:00,0,33
global.js,10,js,4e1e42df,aathijmuthu,2025-04-18,17:44:01,-07:00,2025-04-18T17:44:01-07:00,0,71
global.js,11,js,4e1e42df,aathijmuthu,2025-04-18,17:44:01,-07:00,2025-04-18T17:44:01-07:00,0,3
global.js,12,js,4e1e42df,aathijmuthu,2025-04-18,17:44:01,-07:00,2025-04-18T17:44:01-07:00,0,0
global.js,13,js,4e1e42df,aathijmuthu,2025-04-18,17:44:01,-07:00,2025-04-18T17:44:01-07:00,0,39
global.js,14,js,4e1e42df,aathijmuthu,2025-04-18,17:44:01,-07:00,2025-04-18T17:44:01-07:00,0,0
global.js,15,js,4e1e42df,aathijmuthu,2025-04-18,17:44:01,-07:00,2025-04-18T17:44:01-07:00,0,41
global.js,16,js,4e1e42df,aathijmuthu,2025-04-18,17:44:01,-07:00,2025-04-18T17:44:01-07:00,0,0
global.js,17,js,4e1e42df,aathijmuthu,2025-04-18,17:44:01,-07:00,2025-04-18T17:44:01-07:00,0,88
global.js,18,js,4e1e42df,aathijmuthu,2025-04-18,17:44:01,-07:00,2025-04-18T17:44:01-07:00,1,36
global.js,19,js,4e1e42df,aathijmuthu,2025-04-18,17:44:01,-07:00,2025-04-18T17:44:01-07:00,1,48
global.js,20,js,4e1e42df,aathijmuthu,2025-04-18,17:44:01,-07:00,2025-04-18T17:44:01-07:00,0,0
global.js,21,js,4e1e42df,aathijmuthu,2025-04-18,17:44:01,-07:00,2025-04-18T17:44:01-07:00,0,11
global.js,22,js,4e1e42df,aathijmuthu,2025-04-18,17:44:01,-07:00,2025-04-18T17:44:01-07:00,1,25
global.js,23,js,4e1e42df,aathijmuthu,2025-04-18,17:44:01,-07:00,2025-04-18T17:44:01-07:00,1,38
global.js,24,js,4e1e42df,aathijmuthu,2025-04-18,17:44:01,-07:00,2025-04-18T17:44:01-07:00,1,34
global.js,25,js,4e1e42df,aathijmuthu,2025-04-18,17:44:01,-07:00,2025-04-18T17:44:01-07:00,1,36
global.js,26,js,00000000,Not Committed Yet,2025-05-09,18:14:14,-07:00,2025-05-09T18:14:14-07:00,1,30
global.js,27,js,4e1e42df,aathijmuthu,2025-04-18,17:44:01,-07:00,2025-04-18T17:44:01-07:00,1,65
global.js,28,js,4e1e42df,aathijmuthu,2025-04-18,17:44:01,-07:00,2025-04-18T17:44:01-07:00,1,32
global.js,29,js,4e1e42df,aathijmuthu,2025-04-18,17:44:01,-07:00,2025-04-18T17:44:01-07:00,0,0
global.js,30,js,4e1e42df,aathijmuthu,2025-04-18,17:44:01,-07:00,2025-04-18T17:44:01-07:00,0,0
global.js,31,js,4e1e42df,aathijmuthu,2025-04-18,17:44:01,-07:00,2025-04-18T17:44:01-07:00,0,38
global.js,32,js,4e1e42df,aathijmuthu,2025-04-18,17:44:01,-07:00,2025-04-18T17:44:01-07:00,0,25
global.js,33,js,4e1e42df,aathijmuthu,2025-04-18,17:44:01,-07:00,2025-04-18T17:44:01-07:00,0,0
global.js,34,js,4e1e42df,aathijmuthu,2025-04-18,17:44:01,-07:00,2025-04-18T17:44:01-07:00,0,20
global.js,35,js,4e1e42df,aathijmuthu,2025-04-18,17:44:01,-07:00,2025-04-18T17:44:01-07:00,1,14
global.js,36,js,4e1e42df,aathijmuthu,2025-04-18,17:44:01,-07:00,2025-04-18T17:44:01-07:00,1,18
global.js,37,js,4e1e42df,aathijmuthu,2025-04-18,17:44:01,-07:00,2025-04-18T17:44:01-07:00,1,41
global.js,38,js,4e1e42df,aathijmuthu,2025-04-18,17:44:01,-07:00,2025-04-18T17:44:01-07:00,1,52
global.js,39,js,4e1e42df,aathijmuthu,2025-04-18,17:44:01,-07:00,2025-04-18T17:44:01-07:00,1,34
global.js,40,js,4e1e42df,aathijmuthu,2025-04-18,17:44:01,-07:00,2025-04-18T17:44:01-07:00,1,11
global.js,41,js,4e1e42df,aathijmuthu,2025-04-18,17:44:01,-07:00,2025-04-18T17:44:01-07:00,1,20
global.js,42,js,4e1e42df,aathijmuthu,2025-04-18,17:44:01,-07:00,2025-04-18T17:44:01-07:00,1,17
global.js,43,js,4e1e42df,aathijmuthu,2025-04-18,17:44:01,-07:00,2025-04-18T17:44:01-07:00,2,8
global.js,44,js,4e1e42df,aathijmuthu,2025-04-18,17:44:01,-07:00,2025-04-18T17:44:01-07:00,2,59
global.js,45,js,4e1e42df,aathijmuthu,2025-04-18,17:44:01,-07:00,2025-04-18T17:44:01-07:00,1,0
global.js,46,js,4e1e42df,aathijmuthu,2025-04-18,17:44:01,-07:00,2025-04-18T17:44:01-07:00,1,28
global.js,47,js,4e1e42df,aathijmuthu,2025-04-18,17:44:01,-07:00,2025-04-18T17:44:01-07:00,2,18
global.js,48,js,4e1e42df,aathijmuthu,2025-04-18,17:44:01,-07:00,2025-04-18T17:44:01-07:00,2,28
global.js,49,js,4e1e42df,aathijmuthu,2025-04-18,17:44:01,-07:00,2025-04-18T17:44:01-07:00,1,0
global.js,50,js,4e1e42df,aathijmuthu,2025-04-18,17:44:01,-07:00,2025-04-18T17:44:01-07:00,1,12
global.js,51,js,4e1e42df,aathijmuthu,2025-04-18,17:44:01,-07:00,2025-04-18T17:44:01-07:00,0,0
global.js,52,js,4e1e42df,aathijmuthu,2025-04-18,17:44:01,-07:00,2025-04-18T17:44:01-07:00,0,0
global.js,53,js,4e1e42df,aathijmuthu,2025-04-18,17:44:01,-07:00,2025-04-18T17:44:01-07:00,0,21
global.js,54,js,4e1e42df,aathijmuthu,2025-04-18,17:44:01,-07:00,2025-04-18T17:44:01-07:00,0,31
global.js,55,js,4e1e42df,aathijmuthu,2025-04-18,17:44:01,-07:00,2025-04-18T17:44:01-07:00,1,11
global.js,56,js,4e1e42df,aathijmuthu,2025-04-18,17:44:01,-07:00,2025-04-18T17:44:01-07:00,1,0
global.js,57,js,4e1e42df,aathijmuthu,2025-04-18,17:44:01,-07:00,2025-04-18T17:44:01-07:00,0,26
global.js,58,js,4e1e42df,aathijmuthu,2025-04-18,17:44:01,-07:00,2025-04-18T17:44:01-07:00,0,4
global.js,59,js,4e1e42df,aathijmuthu,2025-04-18,17:44:01,-07:00,2025-04-18T17:44:01-07:00,0,6
global.js,60,js,4e1e42df,aathijmuthu,2025-04-18,17:44:01,-07:00,2025-04-18T17:44:01-07:00,3,38
global.js,61,js,4e1e42df,aathijmuthu,2025-04-18,17:44:01,-07:00,2025-04-18T17:44:01-07:00,3,34
global.js,62,js,4e1e42df,aathijmuthu,2025-04-18,17:44:01,-07:00,2025-04-18T17:44:01-07:00,3,32
global.js,63,js,4e1e42df,aathijmuthu,2025-04-18,17:44:01,-07:00,2025-04-18T17:44:01-07:00,0,7
global.js,64,js,4e1e42df,aathijmuthu,2025-04-18,17:44:01,-07:00,2025-04-18T17:44:01-07:00,0,7
global.js,65,js,fc3ed965,aathijmuthu,2025-04-18,21:20:35,-07:00,2025-04-18T21:20:35-07:00,0,0
global.js,66,js,fc3ed965,aathijmuthu,2025-04-18,21:20:35,-07:00,2025-04-18T21:20:35-07:00,0,0
global.js,67,js,fc3ed965,aathijmuthu,2025-04-18,21:20:35,-07:00,2025-04-18T21:20:35-07:00,0,60
global.js,68,js,fc3ed965,aathijmuthu,2025-04-18,21:20:35,-07:00,2025-04-18T21:20:35-07:00,0,0
global.js,69,js,fc3ed965,aathijmuthu,2025-04-18,21:20:35,-07:00,2025-04-18T21:20:35-07:00,0,24
global.js,70,js,fc3ed965,aathijmuthu,2025-04-18,21:20:35,-07:00,2025-04-18T21:20:35-07:00,0,39
global.js,71,js,fc3ed965,aathijmuthu,2025-04-18,21:20:35,-07:00,2025-04-18T21:20:35-07:00,1,70
global.js,72,js,fc3ed965,aathijmuthu,2025-04-18,21:20:35,-07:00,2025-04-18T21:20:35-07:00,1,46
global.js,73,js,fc3ed965,aathijmuthu,2025-04-18,21:20:35,-07:00,2025-04-18T21:20:35-07:00,1,25
global.js,74,js,fc3ed965,aathijmuthu,2025-04-18,21:20:35,-07:00,2025-04-18T21:20:35-07:00,1,47
global.js,75,js,fc3ed965,aathijmuthu,2025-04-18,21:20:35,-07:00,2025-04-18T21:20:35-07:00,0,0
global.js,76,js,fc3ed965,aathijmuthu,2025-04-18,21:20:35,-07:00,2025-04-18T21:20:35-07:00,0,0
global.js,77,js,fc3ed965,aathijmuthu,2025-04-18,21:20:35,-07:00,2025-04-18T21:20:35-07:00,0,68
global.js,78,js,fc3ed965,aathijmuthu,2025-04-18,21:20:35,-07:00,2025-04-18T21:20:35-07:00,0,59
global.js,79,js,fc3ed965,aathijmuthu,2025-04-18,21:20:35,-07:00,2025-04-18T21:20:35-07:00,0,66
global.js,80,js,fc3ed965,aathijmuthu,2025-04-18,21:20:35,-07:00,2025-04-18T21:20:35-07:00,1,14
global.js,81,js,fc3ed965,aathijmuthu,2025-04-18,21:20:35,-07:00,2025-04-18T21:20:35-07:00,0,0
global.js,82,js,fc3ed965,aathijmuthu,2025-04-18,21:20:35,-07:00,2025-04-18T21:20:35-07:00,1,16
global.js,83,js,fc3ed965,aathijmuthu,2025-04-18,21:20:35,-07:00,2025-04-18T21:20:35-07:00,1,13
global.js,84,js,fc3ed965,aathijmuthu,2025-04-18,21:20:35,-07:00,2025-04-18T21:20:35-07:00,0,33
global.js,85,js,fc3ed965,aathijmuthu,2025-04-18,21:20:35,-07:00,2025-04-18T21:20:35-07:00,0,0
global.js,86,js,fc3ed965,aathijmuthu,2025-04-18,21:20:35,-07:00,2025-04-18T21:20:35-07:00,0,49
global.js,87,js,fc3ed965,aathijmuthu,2025-04-18,21:20:35,-07:00,2025-04-18T21:20:35-07:00,1,57
global.js,88,js,fc3ed965,aathijmuthu,2025-04-18,21:20:35,-07:00,2025-04-18T21:20:35-07:00,1,43
global.js,89,js,fc3ed965,aathijmuthu,2025-04-18,21:20:35,-07:00,2025-04-18T21:20:35-07:00,1,77
global.js,90,js,fc3ed965,aathijmuthu,2025-04-18,21:20:35,-07:00,2025-04-18T21:20:35-07:00,0,1
global.js,91,js,d5f9b9c2,aathijmuthu,2025-04-25,20:17:19,-07:00,2025-04-25T20:17:19-07:00,0,0
global.js,92,js,d5f9b9c2,aathijmuthu,2025-04-25,20:17:19,-07:00,2025-04-25T20:17:19-07:00,0,36
global.js,93,js,d5f9b9c2,aathijmuthu,2025-04-25,20:17:19,-07:00,2025-04-25T20:17:19-07:00,1,3
global.js,94,js,d5f9b9c2,aathijmuthu,2025-04-25,20:17:19,-07:00,2025-04-25T20:17:19-07:00,2,39
global.js,95,js,d5f9b9c2,aathijmuthu,2025-04-25,20:17:19,-07:00,2025-04-25T20:17:19-07:00,2,32
global.js,96,js,d5f9b9c2,aathijmuthu,2025-04-25,20:17:19,-07:00,2025-04-25T20:17:19-07:00,2,17
global.js,97,js,d5f9b9c2,aathijmuthu,2025-04-25,20:17:19,-07:00,2025-04-25T20:17:19-07:00,3,66
global.js,98,js,d5f9b9c2,aathijmuthu,2025-04-25,20:17:19,-07:00,2025-04-25T20:17:19-07:00,2,0
global.js,99,js,d5f9b9c2,aathijmuthu,2025-04-25,20:17:19,-07:00,2025-04-25T20:17:19-07:00,2,33
global.js,100,js,d5f9b9c2,aathijmuthu,2025-04-25,20:17:19,-07:00,2025-04-25T20:17:19-07:00,2,10
global.js,101,js,d5f9b9c2,aathijmuthu,2025-04-25,20:17:19,-07:00,2025-04-25T20:17:19-07:00,1,15
global.js,102,js,d5f9b9c2,aathijmuthu,2025-04-25,20:17:19,-07:00,2025-04-25T20:17:19-07:00,2,59
global.js,103,js,d5f9b9c2,aathijmuthu,2025-04-25,20:17:19,-07:00,2025-04-25T20:17:19-07:00,1,0
global.js,104,js,d5f9b9c2,aathijmuthu,2025-04-25,20:17:19,-07:00,2025-04-25T20:17:19-07:00,0,0
global.js,105,js,d5f9b9c2,aathijmuthu,2025-04-25,20:17:19,-07:00,2025-04-25T20:17:19-07:00,0,0
global.js,106,js,d5f9b9c2,aathijmuthu,2025-04-25,20:17:19,-07:00,2025-04-25T20:17:19-07:00,0,78
global.js,107,js,d5f9b9c2,aathijmuthu,2025-04-25,20:17:19,-07:00,2025-04-25T20:17:19-07:00,0,30
global.js,108,js,d5f9b9c2,aathijmuthu,2025-04-25,20:17:19,-07:00,2025-04-25T20:17:19-07:00,1,0
global.js,109,js,d5f9b9c2,aathijmuthu,2025-04-25,20:17:19,-07:00,2025-04-25T20:17:19-07:00,0,23
global.js,110,js,d5f9b9c2,aathijmuthu,2025-04-25,20:17:19,-07:00,2025-04-25T20:17:19-07:00,0,48
global.js,111,js,d5f9b9c2,aathijmuthu,2025-04-25,20:17:19,-07:00,2025-04-25T20:17:19-07:00,0,19
global.js,112,js,d5f9b9c2,aathijmuthu,2025-04-25,20:17:19,-07:00,2025-04-25T20:17:19-07:00,0,46
global.js,113,js,d5f9b9c2,aathijmuthu,2025-04-25,20:17:19,-07:00,2025-04-25T20:17:19-07:00,0,43
global.js,114,js,7f99f24d,aathijmuthu,2025-05-02,18:16:36,-07:00,2025-05-02T18:16:36-07:00,0,27
global.js,115,js,7f99f24d,aathijmuthu,2025-05-02,18:16:36,-07:00,2025-05-02T18:16:36-07:00,0,24
global.js,116,js,7f99f24d,aathijmuthu,2025-05-02,18:16:36,-07:00,2025-05-02T18:16:36-07:00,0,38
global.js,117,js,7f99f24d,aathijmuthu,2025-05-02,18:16:36,-07:00,2025-05-02T18:16:36-07:00,0,4
global.js,118,js,d5f9b9c2,aathijmuthu,2025-04-25,20:17:19,-07:00,2025-04-25T20:17:19-07:00,0,0
global.js,119,js,d5f9b9c2,aathijmuthu,2025-04-25,20:17:19,-07:00,2025-04-25T20:17:19-07:00,0,36
global.js,120,js,d5f9b9c2,aathijmuthu,2025-04-25,20:17:19,-07:00,2025-04-25T20:17:19-07:00,0,1
global.js,121,js,7f99f24d,aathijmuthu,2025-05-02,18:16:36,-07:00,2025-05-02T18:16:36-07:00,0,0
global.js,122,js,d5f9b9c2,aathijmuthu,2025-04-25,20:17:19,-07:00,2025-04-25T20:17:19-07:00,0,0
global.js,123,js,7f99f24d,aathijmuthu,2025-05-02,18:16:36,-07:00,2025-05-02T18:16:36-07:00,0,47
global.js,124,js,7f99f24d,aathijmuthu,2025-05-02,18:16:36,-07:00,2025-05-02T18:16:36-07:00,1,59
global.js,125,js,7f99f24d,aathijmuthu,2025-05-02,18:16:36,-07:00,2025-05-02T18:16:36-07:00,0,0
resume/index.html,1,html,328046f9,aathijmuthu,2025-04-03,18:54:06,-07:00,2025-04-03T18:54:06-07:00,0,13
resume/index.html,2,html,328046f9,aathijmuthu,2025-04-03,18:54:06,-07:00,2025-04-03T18:54:06-07:00,0,14
resume/index.html,3,html,328046f9,aathijmuthu,2025-04-03,18:54:06,-07:00,2025-04-03T18:54:06-07:00,0,4
resume/index.html,4,html,328046f9,aathijmuthu,2025-04-03,18:54:06,-07:00,2025-04-03T18:54:06-07:00,2,42
resume/index.html,5,html,4e1e42df,aathijmuthu,2025-04-18,17:44:01,-07:00,2025-04-18T17:44:01-07:00,2,48
resume/index.html,6,html,328046f9,aathijmuthu,2025-04-03,18:54:06,-07:00,2025-04-03T18:54:06-07:00,2,20
resume/index.html,7,html,328046f9,aathijmuthu,2025-04-03,18:54:06,-07:00,2025-04-03T18:54:06-07:00,2,68
resume/index.html,8,html,328046f9,aathijmuthu,2025-04-03,18:54:06,-07:00,2025-04-03T18:54:06-07:00,2,19
resume/index.html,9,html,328046f9,aathijmuthu,2025-04-03,18:54:06,-07:00,2025-04-03T18:54:06-07:00,0,5
resume/index.html,10,html,328046f9,aathijmuthu,2025-04-03,18:54:06,-07:00,2025-04-03T18:54:06-07:00,0,4
resume/index.html,11,html,4e1e42df,aathijmuthu,2025-04-18,17:44:01,-07:00,2025-04-18T17:44:01-07:00,0,0
resume/index.html,12,html,328046f9,aathijmuthu,2025-04-03,18:54:06,-07:00,2025-04-03T18:54:06-07:00,2,13
resume/index.html,13,html,328046f9,aathijmuthu,2025-04-03,18:54:06,-07:00,2025-04-03T18:54:06-07:00,2,6
resume/index.html,14,html,328046f9,aathijmuthu,2025-04-03,18:54:06,-07:00,2025-04-03T18:54:06-07:00,4,18
resume/index.html,15,html,328046f9,aathijmuthu,2025-04-03,18:54:06,-07:00,2025-04-03T18:54:06-07:00,4,82
resume/index.html,16,html,328046f9,aathijmuthu,2025-04-03,18:54:06,-07:00,2025-04-03T18:54:06-07:00,4,65
resume/index.html,17,html,328046f9,aathijmuthu,2025-04-03,18:54:06,-07:00,2025-04-03T18:54:06-07:00,4,57
resume/index.html,18,html,328046f9,aathijmuthu,2025-04-03,18:54:06,-07:00,2025-04-03T18:54:06-07:00,2,7
resume/index.html,19,html,328046f9,aathijmuthu,2025-04-03,18:54:06,-07:00,2025-04-03T18:54:06-07:00,0,0
resume/index.html,20,html,328046f9,aathijmuthu,2025-04-03,18:54:06,-07:00,2025-04-03T18:54:06-07:00,2,7
resume/index.html,21,html,328046f9,aathijmuthu,2025-04-03,18:54:06,-07:00,2025-04-03T18:54:06-07:00,4,6
resume/index.html,22,html,328046f9,aathijmuthu,2025-04-03,18:54:06,-07:00,2025-04-03T18:54:06-07:00,6,16
resume/index.html,23,html,328046f9,aathijmuthu,2025-04-03,18:54:06,-07:00,2025-04-03T18:54:06-07:00,4,7
resume/index.html,24,html,328046f9,aathijmuthu,2025-04-03,18:54:06,-07:00,2025-04-03T18:54:06-07:00,4,7
resume/index.html,25,html,328046f9,aathijmuthu,2025-04-03,18:54:06,-07:00,2025-04-03T18:54:06-07:00,6,43
resume/index.html,26,html,328046f9,aathijmuthu,2025-04-03,18:54:06,-07:00,2025-04-03T18:54:06-07:00,6,17
resume/index.html,27,html,328046f9,aathijmuthu,2025-04-03,18:54:06,-07:00,2025-04-03T18:54:06-07:00,6,75
resume/index.html,28,html,328046f9,aathijmuthu,2025-04-03,18:54:06,-07:00,2025-04-03T18:54:06-07:00,6,59
resume/index.html,29,html,328046f9,aathijmuthu,2025-04-03,18:54:06,-07:00,2025-04-03T18:54:06-07:00,6,140
resume/index.html,30,html,328046f9,aathijmuthu,2025-04-03,18:54:06,-07:00,2025-04-03T18:54:06-07:00,4,8
resume/index.html,31,html,328046f9,aathijmuthu,2025-04-03,18:54:06,-07:00,2025-04-03T18:54:06-07:00,2,8
resume/index.html,32,html,328046f9,aathijmuthu,2025-04-03,18:54:06,-07:00,2025-04-03T18:54:06-07:00,0,0
resume/index.html,33,html,328046f9,aathijmuthu,2025-04-03,18:54:06,-07:00,2025-04-03T18:54:06-07:00,2,7
resume/index.html,34,html,328046f9,aathijmuthu,2025-04-03,18:54:06,-07:00,2025-04-03T18:54:06-07:00,4,6
resume/index.html,35,html,328046f9,aathijmuthu,2025-04-03,18:54:06,-07:00,2025-04-03T18:54:06-07:00,6,23
resume/index.html,36,html,328046f9,aathijmuthu,2025-04-03,18:54:06,-07:00,2025-04-03T18:54:06-07:00,4,7
resume/index.html,37,html,328046f9,aathijmuthu,2025-04-03,18:54:06,-07:00,2025-04-03T18:54:06-07:00,4,2
resume/index.html,38,html,328046f9,aathijmuthu,2025-04-03,18:54:06,-07:00,2025-04-03T18:54:06-07:00,6,108
resume/index.html,39,html,328046f9,aathijmuthu,2025-04-03,18:54:06,-07:00,2025-04-03T18:54:06-07:00,6,134
resume/index.html,40,html,328046f9,aathijmuthu,2025-04-03,18:54:06,-07:00,2025-04-03T18:54:06-07:00,6,114
resume/index.html,41,html,328046f9,aathijmuthu,2025-04-03,18:54:06,-07:00,2025-04-03T18:54:06-07:00,4,3
resume/index.html,42,html,328046f9,aathijmuthu,2025-04-03,18:54:06,-07:00,2025-04-03T18:54:06-07:00,2,8
resume/index.html,43,html,328046f9,aathijmuthu,2025-04-03,18:54:06,-07:00,2025-04-03T18:54:06-07:00,0,0
resume/index.html,44,html,328046f9,aathijmuthu,2025-04-03,18:54:06,-07:00,2025-04-03T18:54:06-07:00,2,7
resume/index.html,45,html,328046f9,aathijmuthu,2025-04-03,18:54:06,-07:00,2025-04-03T18:54:06-07:00,4,6
resume/index.html,46,html,328046f9,aathijmuthu,2025-04-03,18:54:06,-07:00,2025-04-03T18:54:06-07:00,6,17
resume/index.html,47,html,328046f9,aathijmuthu,2025-04-03,18:54:06,-07:00,2025-04-03T18:54:06-07:00,4,7
resume/index.html,48,html,328046f9,aathijmuthu,2025-04-03,18:54:06,-07:00,2025-04-03T18:54:06-07:00,4,0
resume/index.html,49,html,328046f9,aathijmuthu,2025-04-03,18:54:06,-07:00,2025-04-03T18:54:06-07:00,4,7
resume/index.html,50,html,328046f9,aathijmuthu,2025-04-03,18:54:06,-07:00,2025-04-03T18:54:06-07:00,6,6
resume/index.html,51,html,328046f9,aathijmuthu,2025-04-03,18:54:06,-07:00,2025-04-03T18:54:06-07:00,8,26
resume/index.html,52,html,328046f9,aathijmuthu,2025-04-03,18:54:06,-07:00,2025-04-03T18:54:06-07:00,8,43
resume/index.html,53,html,328046f9,aathijmuthu,2025-04-03,18:54:06,-07:00,2025-04-03T18:54:06-07:00,8,89
resume/index.html,54,html,328046f9,aathijmuthu,2025-04-03,18:54:06,-07:00,2025-04-03T18:54:06-07:00,6,7
resume/index.html,55,html,328046f9,aathijmuthu,2025-04-03,18:54:06,-07:00,2025-04-03T18:54:06-07:00,6,2
resume/index.html,56,html,328046f9,aathijmuthu,2025-04-03,18:54:06,-07:00,2025-04-03T18:54:06-07:00,8,107
resume/index.html,57,html,328046f9,aathijmuthu,2025-04-03,18:54:06,-07:00,2025-04-03T18:54:06-07:00,8,111
resume/index.html,58,html,328046f9,aathijmuthu,2025-04-03,18:54:06,-07:00,2025-04-03T18:54:06-07:00,8,111
resume/index.html,59,html,328046f9,aathijmuthu,2025-04-03,18:54:06,-07:00,2025-04-03T18:54:06-07:00,8,212
resume/index.html,60,html,328046f9,aathijmuthu,2025-04-03,18:54:06,-07:00,2025-04-03T18:54:06-07:00,6,3
resume/index.html,61,html,328046f9,aathijmuthu,2025-04-03,18:54:06,-07:00,2025-04-03T18:54:06-07:00,4,8
resume/index.html,62,html,328046f9,aathijmuthu,2025-04-03,18:54:06,-07:00,2025-04-03T18:54:06-07:00,0,0
resume/index.html,63,html,328046f9,aathijmuthu,2025-04-03,18:54:06,-07:00,2025-04-03T18:54:06-07:00,4,7
resume/index.html,64,html,328046f9,aathijmuthu,2025-04-03,18:54:06,-07:00,2025-04-03T18:54:06-07:00,6,6
resume/index.html,65,html,328046f9,aathijmuthu,2025-04-03,18:54:06,-07:00,2025-04-03T18:54:06-07:00,8,31
resume/index.html,66,html,328046f9,aathijmuthu,2025-04-03,18:54:06,-07:00,2025-04-03T18:54:06-07:00,8,37
resume/index.html,67,html,328046f9,aathijmuthu,2025-04-03,18:54:06,-07:00,2025-04-03T18:54:06-07:00,8,89
resume/index.html,68,html,328046f9,aathijmuthu,2025-04-03,18:54:06,-07:00,2025-04-03T18:54:06-07:00,6,7
resume/index.html,69,html,328046f9,aathijmuthu,2025-04-03,18:54:06,-07:00,2025-04-03T18:54:06-07:00,6,2
resume/index.html,70,html,328046f9,aathijmuthu,2025-04-03,18:54:06,-07:00,2025-04-03T18:54:06-07:00,8,117
resume/index.html,71,html,328046f9,aathijmuthu,2025-04-03,18:54:06,-07:00,2025-04-03T18:54:06-07:00,8,108
resume/index.html,72,html,328046f9,aathijmuthu,2025-04-03,18:54:06,-07:00,2025-04-03T18:54:06-07:00,8,114
resume/index.html,73,html,328046f9,aathijmuthu,2025-04-03,18:54:06,-07:00,2025-04-03T18:54:06-07:00,8,130
resume/index.html,74,html,328046f9,aathijmuthu,2025-04-03,18:54:06,-07:00,2025-04-03T18:54:06-07:00,6,3
resume/index.html,75,html,328046f9,aathijmuthu,2025-04-03,18:54:06,-07:00,2025-04-03T18:54:06-07:00,4,8
resume/index.html,76,html,328046f9,aathijmuthu,2025-04-03,18:54:06,-07:00,2025-04-03T18:54:06-07:00,0,0
resume/index.html,77,html,328046f9,aathijmuthu,2025-04-03,18:54:06,-07:00,2025-04-03T18:54:06-07:00,4,7
resume/index.html,78,html,328046f9,aathijmuthu,2025-04-03,18:54:06,-07:00,2025-04-03T18:54:06-07:00,6,6
resume/index.html,79,html,328046f9,aathijmuthu,2025-04-03,18:54:06,-07:00,2025-04-03T18:54:06-07:00,8,31
resume/index.html,80,html,328046f9,aathijmuthu,2025-04-03,18:54:06,-07:00,2025-04-03T18:54:06-07:00,8,31
resume/index.html,81,html,328046f9,aathijmuthu,2025-04-03,18:54:06,-07:00,2025-04-03T18:54:06-07:00,8,89
resume/index.html,82,html,328046f9,aathijmuthu,2025-04-03,18:54:06,-07:00,2025-04-03T18:54:06-07:00,6,7
resume/index.html,83,html,328046f9,aathijmuthu,2025-04-03,18:54:06,-07:00,2025-04-03T18:54:06-07:00,6,2
resume/index.html,84,html,328046f9,aathijmuthu,2025-04-03,18:54:06,-07:00,2025-04-03T18:54:06-07:00,8,117
resume/index.html,85,html,328046f9,aathijmuthu,2025-04-03,18:54:06,-07:00,2025-04-03T18:54:06-07:00,8,104
resume/index.html,86,html,328046f9,aathijmuthu,2025-04-03,18:54:06,-07:00,2025-04-03T18:54:06-07:00,8,134
resume/index.html,87,html,328046f9,aathijmuthu,2025-04-03,18:54:06,-07:00,2025-04-03T18:54:06-07:00,8,122
resume/index.html,88,html,328046f9,aathijmuthu,2025-04-03,18:54:06,-07:00,2025-04-03T18:54:06-07:00,6,3
resume/index.html,89,html,328046f9,aathijmuthu,2025-04-03,18:54:06,-07:00,2025-04-03T18:54:06-07:00,4,8
resume/index.html,90,html,328046f9,aathijmuthu,2025-04-03,18:54:06,-07:00,2025-04-03T18:54:06-07:00,2,8
resume/index.html,91,html,328046f9,aathijmuthu,2025-04-03,18:54:06,-07:00,2025-04-03T18:54:06-07:00,0,0
resume/index.html,92,html,328046f9,aathijmuthu,2025-04-03,18:54:06,-07:00,2025-04-03T18:54:06-07:00,2,7
resume/index.html,93,html,328046f9,aathijmuthu,2025-04-03,18:54:06,-07:00,2025-04-03T18:54:06-07:00,4,6
resume/index.html,94,html,328046f9,aathijmuthu,2025-04-03,18:54:06,-07:00,2025-04-03T18:54:06-07:00,6,15
resume/index.html,95,html,328046f9,aathijmuthu,2025-04-03,18:54:06,-07:00,2025-04-03T18:54:06-07:00,4,7
resume/index.html,96,html,328046f9,aathijmuthu,2025-04-03,18:54:06,-07:00,2025-04-03T18:54:06-07:00,0,0
resume/index.html,97,html,328046f9,aathijmuthu,2025-04-03,18:54:06,-07:00,2025-04-03T18:54:06-07:00,4,7
resume/index.html,98,html,328046f9,aathijmuthu,2025-04-03,18:54:06,-07:00,2025-04-03T18:54:06-07:00,6,6
resume/index.html,99,html,328046f9,aathijmuthu,2025-04-03,18:54:06,-07:00,2025-04-03T18:54:06-07:00,8,36
resume/index.html,100,html,328046f9,aathijmuthu,2025-04-03,18:54:06,-07:00,2025-04-03T18:54:06-07:00,8,48
resume/index.html,101,html,328046f9,aathijmuthu,2025-04-03,18:54:06,-07:00,2025-04-03T18:54:06-07:00,8,89
resume/index.html,102,html,328046f9,aathijmuthu,2025-04-03,18:54:06,-07:00,2025-04-03T18:54:06-07:00,6,7
resume/index.html,103,html,328046f9,aathijmuthu,2025-04-03,18:54:06,-07:00,2025-04-03T18:54:06-07:00,6,2
resume/index.html,104,html,328046f9,aathijmuthu,2025-04-03,18:54:06,-07:00,2025-04-03T18:54:06-07:00,8,115
resume/index.html,105,html,328046f9,aathijmuthu,2025-04-03,18:54:06,-07:00,2025-04-03T18:54:06-07:00,8,107
resume/index.html,106,html,328046f9,aathijmuthu,2025-04-03,18:54:06,-07:00,2025-04-03T18:54:06-07:00,8,95
resume/index.html,107,html,328046f9,aathijmuthu,2025-04-03,18:54:06,-07:00,2025-04-03T18:54:06-07:00,6,3
resume/index.html,108,html,328046f9,aathijmuthu,2025-04-03,18:54:06,-07:00,2025-04-03T18:54:06-07:00,4,8
resume/index.html,109,html,328046f9,aathijmuthu,2025-04-03,18:54:06,-07:00,2025-04-03T18:54:06-07:00,0,0
resume/index.html,110,html,328046f9,aathijmuthu,2025-04-03,18:54:06,-07:00,2025-04-03T18:54:06-07:00,4,7
resume/index.html,111,html,328046f9,aathijmuthu,2025-04-03,18:54:06,-07:00,2025-04-03T18:54:06-07:00,6,6
resume/index.html,112,html,328046f9,aathijmuthu,2025-04-03,18:54:06,-07:00,2025-04-03T18:54:06-07:00,8,37
resume/index.html,113,html,328046f9,aathijmuthu,2025-04-03,18:54:06,-07:00,2025-04-03T18:54:06-07:00,8,43
resume/index.html,114,html,328046f9,aathijmuthu,2025-04-03,18:54:06,-07:00,2025-04-03T18:54:06-07:00,8,90
resume/index.html,115,html,328046f9,aathijmuthu,2025-04-03,18:54:06,-07:00,2025-04-03T18:54:06-07:00,6,7
resume/index.html,116,html,328046f9,aathijmuthu,2025-04-03,18:54:06,-07:00,2025-04-03T18:54:06-07:00,6,2
resume/index.html,117,html,328046f9,aathijmuthu,2025-04-03,18:54:06,-07:00,2025-04-03T18:54:06-07:00,8,109
resume/index.html,118,html,328046f9,aathijmuthu,2025-04-03,18:54:06,-07:00,2025-04-03T18:54:06-07:00,8,104
resume/index.html,119,html,328046f9,aathijmuthu,2025-04-03,18:54:06,-07:00,2025-04-03T18:54:06-07:00,6,3
resume/index.html,120,html,328046f9,aathijmuthu,2025-04-03,18:54:06,-07:00,2025-04-03T18:54:06-07:00,4,8
resume/index.html,121,html,328046f9,aathijmuthu,2025-04-03,18:54:06,-07:00,2025-04-03T18:54:06-07:00,0,0
resume/index.html,122,html,328046f9,aathijmuthu,2025-04-03,18:54:06,-07:00,2025-04-03T18:54:06-07:00,4,7
resume/index.html,123,html,328046f9,aathijmuthu,2025-04-03,18:54:06,-07:00,2025-04-03T18:54:06-07:00,6,6
resume/index.html,124,html,328046f9,aathijmuthu,2025-04-03,18:54:06,-07:00,2025-04-03T18:54:06-07:00,8,19
resume/index.html,125,html,328046f9,aathijmuthu,2025-04-03,18:54:06,-07:00,2025-04-03T18:54:06-07:00,8,48
resume/index.html,126,html,328046f9,aathijmuthu,2025-04-03,18:54:06,-07:00,2025-04-03T18:54:06-07:00,8,88
resume/index.html,127,html,328046f9,aathijmuthu,2025-04-03,18:54:06,-07:00,2025-04-03T18:54:06-07:00,6,7
resume/index.html,128,html,328046f9,aathijmuthu,2025-04-03,18:54:06,-07:00,2025-04-03T18:54:06-07:00,6,2
resume/index.html,129,html,328046f9,aathijmuthu,2025-04-03,18:54:06,-07:00,2025-04-03T18:54:06-07:00,8,146
resume/index.html,130,html,328046f9,aathijmuthu,2025-04-03,18:54:06,-07:00,2025-04-03T18:54:06-07:00,8,119
resume/index.html,131,html,328046f9,aathijmuthu,2025-04-03,18:54:06,-07:00,2025-04-03T18:54:06-07:00,6,3
resume/index.html,132,html,328046f9,aathijmuthu,2025-04-03,18:54:06,-07:00,2025-04-03T18:54:06-07:00,4,8
resume/index.html,133,html,328046f9,aathijmuthu,2025-04-03,18:54:06,-07:00,2025-04-03T18:54:06-07:00,2,8
resume/index.html,134,html,328046f9,aathijmuthu,2025-04-03,18:54:06,-07:00,2025-04-03T18:54:06-07:00,0,5
resume/index.html,135,html,328046f9,aathijmuthu,2025-04-03,18:54:06,-07:00,2025-04-03T18:54:06-07:00,0,5
projects/projects.js,1,js,d5f9b9c2,aathijmuthu,2025-04-25,20:17:19,-07:00,2025-04-25T20:17:19-07:00,0,55
projects/projects.js,2,js,7f99f24d,aathijmuthu,2025-05-02,18:16:36,-07:00,2025-05-02T18:16:36-07:00,0,63
projects/projects.js,3,js,d5f9b9c2,aathijmuthu,2025-04-25,20:17:19,-07:00,2025-04-25T20:17:19-07:00,0,0
projects/projects.js,4,js,297a17fd,aathijmuthu,2025-05-02,21:49:56,-07:00,2025-05-02T21:49:56-07:00,0,55
projects/projects.js,5,js,297a17fd,aathijmuthu,2025-05-02,21:49:56,-07:00,2025-05-02T21:49:56-07:00,0,0
projects/projects.js,6,js,297a17fd,aathijmuthu,2025-05-02,21:49:56,-07:00,2025-05-02T21:49:56-07:00,0,60
projects/projects.js,7,js,297a17fd,aathijmuthu,2025-05-02,21:49:56,-07:00,2025-05-02T21:49:56-07:00,0,0
projects/projects.js,8,js,297a17fd,aathijmuthu,2025-05-02,21:49:56,-07:00,2025-05-02T21:49:56-07:00,0,48
projects/projects.js,9,js,297a17fd,aathijmuthu,2025-05-02,21:49:56,-07:00,2025-05-02T21:49:56-07:00,0,0
projects/projects.js,10,js,297a17fd,aathijmuthu,2025-05-02,21:49:56,-07:00,2025-05-02T21:49:56-07:00,0,62
projects/projects.js,11,js,297a17fd,aathijmuthu,2025-05-02,21:49:56,-07:00,2025-05-02T21:49:56-07:00,0,18
projects/projects.js,12,js,297a17fd,aathijmuthu,2025-05-02,21:49:56,-07:00,2025-05-02T21:49:56-07:00,2,56
projects/projects.js,13,js,297a17fd,aathijmuthu,2025-05-02,21:49:56,-07:00,2025-05-02T21:49:56-07:00,0,0
projects/projects.js,14,js,297a17fd,aathijmuthu,2025-05-02,21:49:56,-07:00,2025-05-02T21:49:56-07:00,0,0
projects/projects.js,15,js,297a17fd,aathijmuthu,2025-05-02,21:49:56,-07:00,2025-05-02T21:49:56-07:00,0,70
projects/projects.js,16,js,297a17fd,aathijmuthu,2025-05-02,21:49:56,-07:00,2025-05-02T21:49:56-07:00,0,0
projects/projects.js,17,js,297a17fd,aathijmuthu,2025-05-02,21:49:56,-07:00,2025-05-02T21:49:56-07:00,0,40
projects/projects.js,18,js,297a17fd,aathijmuthu,2025-05-02,21:49:56,-07:00,2025-05-02T21:49:56-07:00,0,38
projects/projects.js,19,js,297a17fd,aathijmuthu,2025-05-02,21:49:56,-07:00,2025-05-02T21:49:56-07:00,1,0
projects/projects.js,20,js,297a17fd,aathijmuthu,2025-05-02,21:49:56,-07:00,2025-05-02T21:49:56-07:00,1,25
projects/projects.js,21,js,297a17fd,aathijmuthu,2025-05-02,21:49:56,-07:00,2025-05-02T21:49:56-07:00,1,29
projects/projects.js,22,js,297a17fd,aathijmuthu,2025-05-02,21:49:56,-07:00,2025-05-02T21:49:56-07:00,0,0
projects/projects.js,23,js,297a17fd,aathijmuthu,2025-05-02,21:49:56,-07:00,2025-05-02T21:49:56-07:00,1,32
projects/projects.js,24,js,297a17fd,aathijmuthu,2025-05-02,21:49:56,-07:00,2025-05-02T21:49:56-07:00,1,30
projects/projects.js,25,js,297a17fd,aathijmuthu,2025-05-02,21:49:56,-07:00,2025-05-02T21:49:56-07:00,0,0
projects/projects.js,26,js,297a17fd,aathijmuthu,2025-05-02,21:49:56,-07:00,2025-05-02T21:49:56-07:00,1,24
projects/projects.js,27,js,297a17fd,aathijmuthu,2025-05-02,21:49:56,-07:00,2025-05-02T21:49:56-07:00,1,29
projects/projects.js,28,js,297a17fd,aathijmuthu,2025-05-02,21:49:56,-07:00,2025-05-02T21:49:56-07:00,2,12
projects/projects.js,29,js,297a17fd,aathijmuthu,2025-05-02,21:49:56,-07:00,2025-05-02T21:49:56-07:00,2,14
projects/projects.js,30,js,297a17fd,aathijmuthu,2025-05-02,21:49:56,-07:00,2025-05-02T21:49:56-07:00,2,11
projects/projects.js,31,js,297a17fd,aathijmuthu,2025-05-02,21:49:56,-07:00,2025-05-02T21:49:56-07:00,1,0
projects/projects.js,32,js,297a17fd,aathijmuthu,2025-05-02,21:49:56,-07:00,2025-05-02T21:49:56-07:00,0,0
projects/projects.js,33,js,297a17fd,aathijmuthu,2025-05-02,21:49:56,-07:00,2025-05-02T21:49:56-07:00,1,17
projects/projects.js,34,js,297a17fd,aathijmuthu,2025-05-02,21:49:56,-07:00,2025-05-02T21:49:56-07:00,1,50
projects/projects.js,35,js,297a17fd,aathijmuthu,2025-05-02,21:49:56,-07:00,2025-05-02T21:49:56-07:00,2,35
projects/projects.js,36,js,297a17fd,aathijmuthu,2025-05-02,21:49:56,-07:00,2025-05-02T21:49:56-07:00,1,1
projects/projects.js,37,js,297a17fd,aathijmuthu,2025-05-02,21:49:56,-07:00,2025-05-02T21:49:56-07:00,0,0
projects/projects.js,38,js,297a17fd,aathijmuthu,2025-05-02,21:49:56,-07:00,2025-05-02T21:49:56-07:00,1,48
projects/projects.js,39,js,297a17fd,aathijmuthu,2025-05-02,21:49:56,-07:00,2025-05-02T21:49:56-07:00,1,53
projects/projects.js,40,js,297a17fd,aathijmuthu,2025-05-02,21:49:56,-07:00,2025-05-02T21:49:56-07:00,1,42
projects/projects.js,41,js,297a17fd,aathijmuthu,2025-05-02,21:49:56,-07:00,2025-05-02T21:49:56-07:00,0,0
projects/projects.js,42,js,297a17fd,aathijmuthu,2025-05-02,21:49:56,-07:00,2025-05-02T21:49:56-07:00,1,27
projects/projects.js,43,js,297a17fd,aathijmuthu,2025-05-02,21:49:56,-07:00,2025-05-02T21:49:56-07:00,2,13
projects/projects.js,44,js,297a17fd,aathijmuthu,2025-05-02,21:49:56,-07:00,2025-05-02T21:49:56-07:00,2,15
projects/projects.js,45,js,297a17fd,aathijmuthu,2025-05-02,21:49:56,-07:00,2025-05-02T21:49:56-07:00,0,0
projects/projects.js,46,js,297a17fd,aathijmuthu,2025-05-02,21:49:56,-07:00,2025-05-02T21:49:56-07:00,1,47
projects/projects.js,47,js,297a17fd,aathijmuthu,2025-05-02,21:49:56,-07:00,2025-05-02T21:49:56-07:00,0,0
projects/projects.js,48,js,297a17fd,aathijmuthu,2025-05-02,21:49:56,-07:00,2025-05-02T21:49:56-07:00,1,27
projects/projects.js,49,js,297a17fd,aathijmuthu,2025-05-02,21:49:56,-07:00,2025-05-02T21:49:56-07:00,1,30
projects/projects.js,50,js,297a17fd,aathijmuthu,2025-05-02,21:49:56,-07:00,2025-05-02T21:49:56-07:00,2,16
projects/projects.js,51,js,297a17fd,aathijmuthu,2025-05-02,21:49:56,-07:00,2025-05-02T21:49:56-07:00,3,27
projects/projects.js,52,js,297a17fd,aathijmuthu,2025-05-02,21:49:56,-07:00,2025-05-02T21:49:56-07:00,3,22
projects/projects.js,53,js,297a17fd,aathijmuthu,2025-05-02,21:49:56,-07:00,2025-05-02T21:49:56-07:00,3,89
projects/projects.js,54,js,297a17fd,aathijmuthu,2025-05-02,21:49:56,-07:00,2025-05-02T21:49:56-07:00,3,18
projects/projects.js,55,js,297a17fd,aathijmuthu,2025-05-02,21:49:56,-07:00,2025-05-02T21:49:56-07:00,4,21
projects/projects.js,56,js,297a17fd,aathijmuthu,2025-05-02,21:49:56,-07:00,2025-05-02T21:49:56-07:00,4,43
projects/projects.js,57,js,297a17fd,aathijmuthu,2025-05-02,21:49:56,-07:00,2025-05-02T21:49:56-07:00,0,0
projects/projects.js,58,js,297a17fd,aathijmuthu,2025-05-02,21:49:56,-07:00,2025-05-02T21:49:56-07:00,4,43
projects/projects.js,59,js,297a17fd,aathijmuthu,2025-05-02,21:49:56,-07:00,2025-05-02T21:49:56-07:00,4,25
projects/projects.js,60,js,297a17fd,aathijmuthu,2025-05-02,21:49:56,-07:00,2025-05-02T21:49:56-07:00,5,34
projects/projects.js,61,js,297a17fd,aathijmuthu,2025-05-02,21:49:56,-07:00,2025-05-02T21:49:56-07:00,5,48
projects/projects.js,62,js,297a17fd,aathijmuthu,2025-05-02,21:49:56,-07:00,2025-05-02T21:49:56-07:00,4,6
projects/projects.js,63,js,297a17fd,aathijmuthu,2025-05-02,21:49:56,-07:00,2025-05-02T21:49:56-07:00,5,37
projects/projects.js,64,js,297a17fd,aathijmuthu,2025-05-02,21:49:56,-07:00,2025-05-02T21:49:56-07:00,5,48
projects/projects.js,65,js,297a17fd,aathijmuthu,2025-05-02,21:49:56,-07:00,2025-05-02T21:49:56-07:00,5,39
projects/projects.js,66,js,297a17fd,aathijmuthu,2025-05-02,21:49:56,-07:00,2025-05-02T21:49:56-07:00,6,40
projects/projects.js,67,js,297a17fd,aathijmuthu,2025-05-02,21:49:56,-07:00,2025-05-02T21:49:56-07:00,5,0
projects/projects.js,68,js,297a17fd,aathijmuthu,2025-05-02,21:49:56,-07:00,2025-05-02T21:49:56-07:00,5,56
projects/projects.js,69,js,297a17fd,aathijmuthu,2025-05-02,21:49:56,-07:00,2025-05-02T21:49:56-07:00,4,0
projects/projects.js,70,js,297a17fd,aathijmuthu,2025-05-02,21:49:56,-07:00,2025-05-02T21:49:56-07:00,0,0
projects/projects.js,71,js,297a17fd,aathijmuthu,2025-05-02,21:49:56,-07:00,2025-05-02T21:49:56-07:00,4,21
projects/projects.js,72,js,297a17fd,aathijmuthu,2025-05-02,21:49:56,-07:00,2025-05-02T21:49:56-07:00,4,19
projects/projects.js,73,js,297a17fd,aathijmuthu,2025-05-02,21:49:56,-07:00,2025-05-02T21:49:56-07:00,5,68
projects/projects.js,74,js,297a17fd,aathijmuthu,2025-05-02,21:49:56,-07:00,2025-05-02T21:49:56-07:00,0,0
projects/projects.js,75,js,297a17fd,aathijmuthu,2025-05-02,21:49:56,-07:00,2025-05-02T21:49:56-07:00,4,18
projects/projects.js,76,js,297a17fd,aathijmuthu,2025-05-02,21:49:56,-07:00,2025-05-02T21:49:56-07:00,4,20
projects/projects.js,77,js,297a17fd,aathijmuthu,2025-05-02,21:49:56,-07:00,2025-05-02T21:49:56-07:00,5,68
projects/projects.js,78,js,297a17fd,aathijmuthu,2025-05-02,21:49:56,-07:00,2025-05-02T21:49:56-07:00,3,1
projects/projects.js,79,js,297a17fd,aathijmuthu,2025-05-02,21:49:56,-07:00,2025-05-02T21:49:56-07:00,1,1
projects/projects.js,80,js,297a17fd,aathijmuthu,2025-05-02,21:49:56,-07:00,2025-05-02T21:49:56-07:00,0,0
projects/projects.js,81,js,297a17fd,aathijmuthu,2025-05-02,21:49:56,-07:00,2025-05-02T21:49:56-07:00,1,18
projects/projects.js,82,js,297a17fd,aathijmuthu,2025-05-02,21:49:56,-07:00,2025-05-02T21:49:56-07:00,1,25
projects/projects.js,83,js,297a17fd,aathijmuthu,2025-05-02,21:49:56,-07:00,2025-05-02T21:49:56-07:00,2,17
projects/projects.js,84,js,297a17fd,aathijmuthu,2025-05-02,21:49:56,-07:00,2025-05-02T21:49:56-07:00,3,36
projects/projects.js,85,js,297a17fd,aathijmuthu,2025-05-02,21:49:56,-07:00,2025-05-02T21:49:56-07:00,3,89
projects/projects.js,86,js,297a17fd,aathijmuthu,2025-05-02,21:49:56,-07:00,2025-05-02T21:49:56-07:00,3,68
projects/projects.js,87,js,297a17fd,aathijmuthu,2025-05-02,21:49:56,-07:00,2025-05-02T21:49:56-07:00,3,18
projects/projects.js,88,js,297a17fd,aathijmuthu,2025-05-02,21:49:56,-07:00,2025-05-02T21:49:56-07:00,4,21
projects/projects.js,89,js,297a17fd,aathijmuthu,2025-05-02,21:49:56,-07:00,2025-05-02T21:49:56-07:00,4,43
projects/projects.js,90,js,297a17fd,aathijmuthu,2025-05-02,21:49:56,-07:00,2025-05-02T21:49:56-07:00,0,0
projects/projects.js,91,js,297a17fd,aathijmuthu,2025-05-02,21:49:56,-07:00,2025-05-02T21:49:56-07:00,4,43
projects/projects.js,92,js,297a17fd,aathijmuthu,2025-05-02,21:49:56,-07:00,2025-05-02T21:49:56-07:00,4,25
projects/projects.js,93,js,297a17fd,aathijmuthu,2025-05-02,21:49:56,-07:00,2025-05-02T21:49:56-07:00,5,34
projects/projects.js,94,js,297a17fd,aathijmuthu,2025-05-02,21:49:56,-07:00,2025-05-02T21:49:56-07:00,5,48
projects/projects.js,95,js,297a17fd,aathijmuthu,2025-05-02,21:49:56,-07:00,2025-05-02T21:49:56-07:00,4,6
projects/projects.js,96,js,297a17fd,aathijmuthu,2025-05-02,21:49:56,-07:00,2025-05-02T21:49:56-07:00,5,37
projects/projects.js,97,js,297a17fd,aathijmuthu,2025-05-02,21:49:56,-07:00,2025-05-02T21:49:56-07:00,5,48
projects/projects.js,98,js,297a17fd,aathijmuthu,2025-05-02,21:49:56,-07:00,2025-05-02T21:49:56-07:00,5,39
projects/projects.js,99,js,297a17fd,aathijmuthu,2025-05-02,21:49:56,-07:00,2025-05-02T21:49:56-07:00,6,40
projects/projects.js,100,js,297a17fd,aathijmuthu,2025-05-02,21:49:56,-07:00,2025-05-02T21:49:56-07:00,5,0
projects/projects.js,101,js,297a17fd,aathijmuthu,2025-05-02,21:49:56,-07:00,2025-05-02T21:49:56-07:00,5,56
projects/projects.js,102,js,7f99f24d,aathijmuthu,2025-05-02,18:16:36,-07:00,2025-05-02T18:16:36-07:00,4,0
projects/projects.js,103,js,7f99f24d,aathijmuthu,2025-05-02,18:16:36,-07:00,2025-05-02T18:16:36-07:00,0,0
projects/projects.js,104,js,297a17fd,aathijmuthu,2025-05-02,21:49:56,-07:00,2025-05-02T21:49:56-07:00,4,21
projects/projects.js,105,js,297a17fd,aathijmuthu,2025-05-02,21:49:56,-07:00,2025-05-02T21:49:56-07:00,4,19
projects/projects.js,106,js,297a17fd,aathijmuthu,2025-05-02,21:49:56,-07:00,2025-05-02T21:49:56-07:00,5,68
projects/projects.js,107,js,297a17fd,aathijmuthu,2025-05-02,21:49:56,-07:00,2025-05-02T21:49:56-07:00,0,0
projects/projects.js,108,js,297a17fd,aathijmuthu,2025-05-02,21:49:56,-07:00,2025-05-02T21:49:56-07:00,4,18
projects/projects.js,109,js,297a17fd,aathijmuthu,2025-05-02,21:49:56,-07:00,2025-05-02T21:49:56-07:00,4,20
projects/projects.js,110,js,297a17fd,aathijmuthu,2025-05-02,21:49:56,-07:00,2025-05-02T21:49:56-07:00,5,68
projects/projects.js,111,js,297a17fd,aathijmuthu,2025-05-02,21:49:56,-07:00,2025-05-02T21:49:56-07:00,3,1
projects/projects.js,112,js,297a17fd,aathijmuthu,2025-05-02,21:49:56,-07:00,2025-05-02T21:49:56-07:00,1,1
projects/projects.js,113,js,297a17fd,aathijmuthu,2025-05-02,21:49:56,-07:00,2025-05-02T21:49:56-07:00,0,0
projects/projects.js,114,js,297a17fd,aathijmuthu,2025-05-02,21:49:56,-07:00,2025-05-02T21:49:56-07:00,0,0
projects/projects.js,115,js,297a17fd,aathijmuthu,2025-05-02,21:49:56,-07:00,2025-05-02T21:49:56-07:00,0,32
projects/projects.js,116,js,297a17fd,aathijmuthu,2025-05-02,21:49:56,-07:00,2025-05-02T21:49:56-07:00,0,23
projects/projects.js,117,js,297a17fd,aathijmuthu,2025-05-02,21:49:56,-07:00,2025-05-02T21:49:56-07:00,0,0
projects/projects.js,118,js,297a17fd,aathijmuthu,2025-05-02,21:49:56,-07:00,2025-05-02T21:49:56-07:00,0,13
projects/projects.js,119,js,297a17fd,aathijmuthu,2025-05-02,21:49:56,-07:00,2025-05-02T21:49:56-07:00,0,53
projects/projects.js,120,js,297a17fd,aathijmuthu,2025-05-02,21:49:56,-07:00,2025-05-02T21:49:56-07:00,0,48
projects/projects.js,121,js,297a17fd,aathijmuthu,2025-05-02,21:49:56,-07:00,2025-05-02T21:49:56-07:00,1,19
projects/projects.js,122,js,297a17fd,aathijmuthu,2025-05-02,21:49:56,-07:00,2025-05-02T21:49:56-07:00,1,25
projects/projects.js,123,js,297a17fd,aathijmuthu,2025-05-02,21:49:56,-07:00,2025-05-02T21:49:56-07:00,0,0
projects/projects.js,124,js,297a17fd,aathijmuthu,2025-05-02,21:49:56,-07:00,2025-05-02T21:49:56-07:00,1,16
projects/projects.js,125,js,297a17fd,aathijmuthu,2025-05-02,21:49:56,-07:00,2025-05-02T21:49:56-07:00,1,51
projects/projects.js,126,js,297a17fd,aathijmuthu,2025-05-02,21:49:56,-07:00,2025-05-02T21:49:56-07:00,2,59
projects/projects.js,127,js,297a17fd,aathijmuthu,2025-05-02,21:49:56,-07:00,2025-05-02T21:49:56-07:00,2,42
projects/projects.js,128,js,297a17fd,aathijmuthu,2025-05-02,21:49:56,-07:00,2025-05-02T21:49:56-07:00,1,1
projects/projects.js,129,js,297a17fd,aathijmuthu,2025-05-02,21:49:56,-07:00,2025-05-02T21:49:56-07:00,0,0
projects/projects.js,130,js,297a17fd,aathijmuthu,2025-05-02,21:49:56,-07:00,2025-05-02T21:49:56-07:00,1,33
projects/projects.js,131,js,297a17fd,aathijmuthu,2025-05-02,21:49:56,-07:00,2025-05-02T21:49:56-07:00,1,56
projects/projects.js,132,js,297a17fd,aathijmuthu,2025-05-02,21:49:56,-07:00,2025-05-02T21:49:56-07:00,1,31
projects/projects.js,133,js,297a17fd,aathijmuthu,2025-05-02,21:49:56,-07:00,2025-05-02T21:49:56-07:00,0,1
projects/index.html,1,html,328046f9,aathijmuthu,2025-04-03,18:54:06,-07:00,2025-04-03T18:54:06-07:00,0,13
projects/index.html,2,html,328046f9,aathijmuthu,2025-04-03,18:54:06,-07:00,2025-04-03T18:54:06-07:00,0,14
projects/index.html,3,html,328046f9,aathijmuthu,2025-04-03,18:54:06,-07:00,2025-04-03T18:54:06-07:00,0,4
projects/index.html,4,html,328046f9,aathijmuthu,2025-04-03,18:54:06,-07:00,2025-04-03T18:54:06-07:00,2,42
projects/index.html,5,html,4e1e42df,aathijmuthu,2025-04-18,17:44:01,-07:00,2025-04-18T17:44:01-07:00,2,48
projects/index.html,6,html,d5f9b9c2,aathijmuthu,2025-04-25,20:17:19,-07:00,2025-04-25T20:17:19-07:00,2,47
projects/index.html,7,html,328046f9,aathijmuthu,2025-04-03,18:54:06,-07:00,2025-04-03T18:54:06-07:00,2,20
projects/index.html,8,html,328046f9,aathijmuthu,2025-04-03,18:54:06,-07:00,2025-04-03T18:54:06-07:00,2,68
projects/index.html,9,html,328046f9,aathijmuthu,2025-04-03,18:54:06,-07:00,2025-04-03T18:54:06-07:00,2,21
projects/index.html,10,html,328046f9,aathijmuthu,2025-04-03,18:54:06,-07:00,2025-04-03T18:54:06-07:00,0,5
projects/index.html,11,html,328046f9,aathijmuthu,2025-04-03,18:54:06,-07:00,2025-04-03T18:54:06-07:00,0,4
projects/index.html,12,html,4e1e42df,aathijmuthu,2025-04-18,17:44:01,-07:00,2025-04-18T17:44:01-07:00,0,0
projects/index.html,13,html,d5f9b9c2,aathijmuthu,2025-04-25,20:17:19,-07:00,2025-04-25T20:17:19-07:00,2,38
projects/index.html,14,html,297a17fd,aathijmuthu,2025-05-02,21:49:56,-07:00,2025-05-02T21:49:56-07:00,0,0
projects/index.html,15,html,7f99f24d,aathijmuthu,2025-05-02,18:16:36,-07:00,2025-05-02T18:16:36-07:00,2,21
projects/index.html,16,html,7f99f24d,aathijmuthu,2025-05-02,18:16:36,-07:00,2025-05-02T18:16:36-07:00,2,48
projects/index.html,17,html,7f99f24d,aathijmuthu,2025-05-02,18:16:36,-07:00,2025-05-02T18:16:36-07:00,3,4
projects/index.html,18,html,7f99f24d,aathijmuthu,2025-05-02,18:16:36,-07:00,2025-05-02T18:16:36-07:00,3,22
projects/index.html,19,html,7f99f24d,aathijmuthu,2025-05-02,18:16:36,-07:00,2025-05-02T18:16:36-07:00,2,4
projects/index.html,20,html,297a17fd,aathijmuthu,2025-05-02,21:49:56,-07:00,2025-05-02T21:49:56-07:00,2,0
projects/index.html,21,html,297a17fd,aathijmuthu,2025-05-02,21:49:56,-07:00,2025-05-02T21:49:56-07:00,2,4
projects/index.html,22,html,297a17fd,aathijmuthu,2025-05-02,21:49:56,-07:00,2025-05-02T21:49:56-07:00,1,15
projects/index.html,23,html,297a17fd,aathijmuthu,2025-05-02,21:49:56,-07:00,2025-05-02T21:49:56-07:00,1,11
projects/index.html,24,html,297a17fd,aathijmuthu,2025-05-02,21:49:56,-07:00,2025-05-02T21:49:56-07:00,1,26
projects/index.html,25,html,297a17fd,aathijmuthu,2025-05-02,21:49:56,-07:00,2025-05-02T21:49:56-07:00,1,31
projects/index.html,26,html,297a17fd,aathijmuthu,2025-05-02,21:49:56,-07:00,2025-05-02T21:49:56-07:00,0,0
projects/index.html,27,html,f66e6c57,aathijmuthu,2025-04-11,19:23:45,-07:00,2025-04-11T19:23:45-07:00,2,20
projects/index.html,28,html,d5f9b9c2,aathijmuthu,2025-04-25,20:17:19,-07:00,2025-04-25T20:17:19-07:00,4,0
projects/index.html,29,html,f66e6c57,aathijmuthu,2025-04-11,19:23:45,-07:00,2025-04-11T19:23:45-07:00,2,4
projects/index.html,30,html,328046f9,aathijmuthu,2025-04-03,18:54:06,-07:00,2025-04-03T18:54:06-07:00,0,5
projects/index.html,31,html,328046f9,aathijmuthu,2025-04-03,18:54:06,-07:00,2025-04-03T18:54:06-07:00,0,5
contact/index.html,1,html,328046f9,aathijmuthu,2025-04-03,18:54:06,-07:00,2025-04-03T18:54:06-07:00,0,13
contact/index.html,2,html,328046f9,aathijmuthu,2025-04-03,18:54:06,-07:00,2025-04-03T18:54:06-07:00,0,14
contact/index.html,3,html,328046f9,aathijmuthu,2025-04-03,18:54:06,-07:00,2025-04-03T18:54:06-07:00,0,4
contact/index.html,4,html,328046f9,aathijmuthu,2025-04-03,18:54:06,-07:00,2025-04-03T18:54:06-07:00,2,42
contact/index.html,5,html,4e1e42df,aathijmuthu,2025-04-18,17:44:01,-07:00,2025-04-18T17:44:01-07:00,2,48
contact/index.html,6,html,328046f9,aathijmuthu,2025-04-03,18:54:06,-07:00,2025-04-03T18:54:06-07:00,2,20
contact/index.html,7,html,328046f9,aathijmuthu,2025-04-03,18:54:06,-07:00,2025-04-03T18:54:06-07:00,2,68
contact/index.html,8,html,328046f9,aathijmuthu,2025-04-03,18:54:06,-07:00,2025-04-03T18:54:06-07:00,2,20
contact/index.html,9,html,328046f9,aathijmuthu,2025-04-03,18:54:06,-07:00,2025-04-03T18:54:06-07:00,0,5
contact/index.html,10,html,328046f9,aathijmuthu,2025-04-03,18:54:06,-07:00,2025-04-03T18:54:06-07:00,0,4
contact/index.html,11,html,4e1e42df,aathijmuthu,2025-04-18,17:44:01,-07:00,2025-04-18T17:44:01-07:00,0,0
contact/index.html,12,html,59fab7ca,aathijmuthu,2025-04-10,23:08:48,-07:00,2025-04-10T23:08:48-07:00,2,14
contact/index.html,13,html,655ceb46,aathijmuthu,2025-04-04,23:22:09,-07:00,2025-04-04T23:22:09-07:00,2,76
contact/index.html,14,html,59fab7ca,aathijmuthu,2025-04-10,23:08:48,-07:00,2025-04-10T23:08:48-07:00,4,0
contact/index.html,15,html,59fab7ca,aathijmuthu,2025-04-10,23:08:48,-07:00,2025-04-10T23:08:48-07:00,4,17
contact/index.html,16,html,59fab7ca,aathijmuthu,2025-04-10,23:08:48,-07:00,2025-04-10T23:08:48-07:00,6,38
contact/index.html,17,html,59fab7ca,aathijmuthu,2025-04-10,23:08:48,-07:00,2025-04-10T23:08:48-07:00,4,6
contact/index.html,18,html,59fab7ca,aathijmuthu,2025-04-10,23:08:48,-07:00,2025-04-10T23:08:48-07:00,4,19
contact/index.html,19,html,59fab7ca,aathijmuthu,2025-04-10,23:08:48,-07:00,2025-04-10T23:08:48-07:00,6,29
contact/index.html,20,html,59fab7ca,aathijmuthu,2025-04-10,23:08:48,-07:00,2025-04-10T23:08:48-07:00,4,6
contact/index.html,21,html,59fab7ca,aathijmuthu,2025-04-10,23:08:48,-07:00,2025-04-10T23:08:48-07:00,4,0
contact/index.html,22,html,59fab7ca,aathijmuthu,2025-04-10,23:08:48,-07:00,2025-04-10T23:08:48-07:00,4,16
contact/index.html,23,html,59fab7ca,aathijmuthu,2025-04-10,23:08:48,-07:00,2025-04-10T23:08:48-07:00,6,37
contact/index.html,24,html,59fab7ca,aathijmuthu,2025-04-10,23:08:48,-07:00,2025-04-10T23:08:48-07:00,4,6
contact/index.html,25,html,328046f9,aathijmuthu,2025-04-03,18:54:06,-07:00,2025-04-03T18:54:06-07:00,4,21
contact/index.html,26,html,328046f9,aathijmuthu,2025-04-03,18:54:06,-07:00,2025-04-03T18:54:06-07:00,2,5
contact/index.html,27,html,328046f9,aathijmuthu,2025-04-03,18:54:06,-07:00,2025-04-03T18:54:06-07:00,0,5
contact/index.html,28,html,328046f9,aathijmuthu,2025-04-03,18:54:06,-07:00,2025-04-03T18:54:06-07:00,0,5
